n,lambda,observable,replicates,mean,standard_error,q05,q95
250,-2.0,scaled_largest,200,0.3390447545267105,0.010302911576758098,0.1763889469852823,0.6324803670472255
250,-2.0,scaled_susceptibility,200,0.48960528126065567,0.010343170082716121,0.3301794188093855,0.7464594706775257
250,-2.0,finite_susceptibility,200,2.3556099040241754,0.024611279403139633,1.8324032176973353,3.0004273504273504
250,-2.0,cycle_surplus,200,0.1,0.021266436150250076,0.0,1.0
250,-1.0,scaled_largest,200,0.5357184304153002,0.018181583190951995,0.2519842099789747,1.0595936029615882
250,-1.0,scaled_susceptibility,200,0.8005961961538496,0.025951506815612535,0.45456816524161364,1.5877185321785932
250,-1.0,finite_susceptibility,200,3.0864015617673966,0.045489428114755696,2.3091966571299505,4.421074321443796
250,-1.0,cycle_surplus,200,0.285,0.03709115485994229,0.0,1.0
250,0.0,scaled_largest,200,0.9367513005968385,0.03314596544548298,0.377976314968462,1.7903478119006149
250,0.0,scaled_susceptibility,200,1.6461158420783994,0.07438933400212382,0.6406115685322866,3.5879708497426823
250,0.0,finite_susceptibility,200,4.0463689136906495,0.10357118868939606,2.3700754716981134,7.115895808983136
250,0.0,cycle_surplus,200,0.7,0.060566836705764265,0.0,2.0
250,1.0,scaled_largest,200,1.5352137992969035,0.05257002376855323,0.5543652619537444,2.8486814938123084
250,1.0,scaled_susceptibility,200,3.5003336124656217,0.17478389867662653,1.081464588684895,8.430179018666475
250,1.0,finite_susceptibility,200,4.758301853280696,0.15476533300053447,2.0524874967096607,8.466959706959708
250,1.0,cycle_surplus,200,1.56,0.11833008936974253,0.0,5.0
250,2.0,scaled_largest,200,2.518078210319894,0.05671916770093688,1.0570737608617988,3.655030965745027
250,2.0,scaled_susceptibility,200,7.459267388844856,0.2525247439220279,2.1789936760157085,13.608789218523373
250,2.0,finite_susceptibility,200,4.622087556783093,0.244353387771497,1.833205128205128,10.985089452881212
250,2.0,cycle_surplus,200,4.47,0.24545210055801459,0.0,11.049999999999983
1000,-2.0,scaled_largest,200,0.3228500000000001,0.011299792656077891,0.16950000000000004,0.6609999999999998
1000,-2.0,scaled_susceptibility,200,0.4766720000000001,0.01217239879985509,0.32198000000000004,0.8088399999999997
1000,-2.0,finite_susceptibility,200,3.589246017195768,0.04017630282718464,2.868045501551189,4.489558335982559
1000,-2.0,cycle_surplus,200,0.205,0.032714310792881854,0.0,1.0
1000,-1.0,scaled_largest,200,0.5220500000000001,0.01788844514901299,0.22000000000000006,1.0105
1000,-1.0,scaled_susceptibility,200,0.7870770000000001,0.025505947387140477,0.41577000000000014,1.47085
1000,-1.0,finite_susceptibility,200,4.7642507939042495,0.0779079050521487,3.4711216813525665,6.9971657689288325
1000,-1.0,cycle_surplus,200,0.47,0.04534069799277864,0.0,2.0
1000,0.0,scaled_largest,200,0.9702000000000001,0.03863597407161248,0.3695000000000001,2.0100000000000007
1000,0.0,scaled_susceptibility,200,1.8491950000000004,0.10003849360063566,0.7080300000000002,4.33851
1000,0.0,finite_susceptibility,200,6.739546634942979,0.18702402496581602,3.7793091906256184,10.789954634512883
1000,0.0,cycle_surplus,200,0.95,0.0819823488785128,0.0,3.0
1000,1.0,scaled_largest,200,1.8248000000000006,0.05641857030603386,0.6095000000000003,3.2615000000000007
1000,1.0,scaled_susceptibility,200,4.605506,0.2123954893951305,1.1426600000000002,11.014470000000001
1000,1.0,finite_susceptibility,200,7.64955219871612,0.2874653716712426,3.279447028622441,14.310251885591324
1000,1.0,cycle_surplus,200,2.395,0.15366502431748244,0.0,6.049999999999983
1000,2.0,scaled_largest,200,2.80215,0.06663079393947688,1.2150000000000005,4.392500000000001
1000,2.0,scaled_susceptibility,200,9.262604000000003,0.3497872836035837,2.3782300000000003,19.473819999999996
1000,2.0,finite_susceptibility,200,6.912825326254308,0.3275407666099577,2.9641192917054986,16.702852196022445
1000,2.0,cycle_surplus,200,5.59,0.28285959014799805,1.0,13.0
4000,-2.0,scaled_largest,200,0.33478288186009336,0.012969205188636972,0.15437475230390746,0.7075840189148248
4000,-2.0,scaled_susceptibility,200,0.49768220136963015,0.014285959134251795,0.3168921926669338,0.9493867338259715
4000,-2.0,finite_susceptibility,200,5.713325952472299,0.06821250324906701,4.4494524706514005,7.16226008105024
4000,-2.0,cycle_surplus,200,0.425,0.04394920549130078,0.0,2.0
4000,-1.0,scaled_largest,200,0.513960775601004,0.01587383577498001,0.222236147275548,0.905215449884866
4000,-1.0,scaled_susceptibility,200,0.7904297395067723,0.021960188049781757,0.4630194109350536,1.3646315134503237
4000,-1.0,finite_susceptibility,200,7.81554083059817,0.13860703811847577,5.707819511748987,11.893714606731699
4000,-1.0,cycle_surplus,200,0.685,0.06039131189801906,0.0,2.0
4000,0.0,scaled_largest,200,0.9572226768499742,0.03664635028559382,0.3762140493164634,2.016396186262606
4000,0.0,scaled_susceptibility,200,1.7930505000427706,0.08679802379239754,0.6435645224836766,4.421379519244897
4000,0.0,finite_susceptibility,200,10.269623006205006,0.2489252492226957,5.936136237283581,16.66823744950149
4000,0.0,cycle_surplus,200,1.24,0.08973439310839887,0.0,4.0
4000,1.0,scaled_largest,200,1.6792718878508595,0.05837858626458927,0.6067840521148444,3.331359532686763
4000,1.0,scaled_susceptibility,200,4.237893122005294,0.2142956463258852,1.2310483841352202,11.346548169202563
4000,1.0,finite_susceptibility,200,12.9276472331243,0.455278859028776,5.255485297478751,24.32968592071822
4000,1.0,cycle_surplus,200,2.27,0.15281446694123127,0.0,6.0
4000,2.0,scaled_largest,200,3.156467621786167,0.06923051044581988,1.2318232163273233,4.5248866986353535
4000,2.0,scaled_susceptibility,200,11.495162156642918,0.38517999711877104,2.787469804504479,20.759838831617568
4000,2.0,finite_susceptibility,200,11.054476012282462,0.6036557511408868,4.476070119044087,24.971545912169702
4000,2.0,cycle_surplus,200,6.15,0.3030622603828159,1.0,15.049999999999983
