mean_degree,network,severity,default_banks,default_subsystem_spectral_radius,default_resolvent_l1_norm,max_marginal_outside_loss_per_asset_dollar
1.0,0,0.05,60,0.6500000000000002,2.8571428571428577,1.0
1.0,0,0.1,76,0.6500000000000016,2.8571428571428577,1.0000000000000002
1.0,0,0.2,80,0.6500000000000017,2.857142857142859,1.0000000000000004
1.0,0,0.35,80,0.6500000000000017,2.857142857142859,1.0000000000000004
1.0,0,0.5,80,0.6500000000000017,2.857142857142859,1.0000000000000004
1.0,1,0.05,20,0.46459547913905785,2.2189989881369288,1.0
1.0,1,0.1,33,0.6499999999999999,2.8571428571428577,1.0
1.0,1,0.2,70,0.6500000000000006,2.8571428571428577,1.0
1.0,1,0.35,80,0.6500000000000016,2.857142857142859,1.0000000000000002
1.0,1,0.5,80,0.6500000000000016,2.857142857142859,1.0000000000000002
1.0,2,0.05,9,0.0,1.0,1.0
1.0,2,0.1,19,0.29416697754144694,1.454463803474555,1.0
1.0,2,0.2,53,0.6500000000000006,2.8571428571428577,1.0
1.0,2,0.35,79,0.6500000000000012,2.8571428571428585,1.0000000000000002
1.0,2,0.5,80,0.6500000000000017,2.8571428571428585,1.0000000000000004
1.0,3,0.05,1,0.0,1.0,1.0
1.0,3,0.1,8,0.0,1.0,1.0
1.0,3,0.2,26,0.6500000000000001,2.8571428571428577,1.0
1.0,3,0.35,72,0.6500000000000012,2.8571428571428577,1.0000000000000002
1.0,3,0.5,80,0.6500000000000012,2.857142857142858,1.0000000000000004
1.0,4,0.05,13,0.0,1.0,1.0
1.0,4,0.1,30,0.5332280446173334,2.305538797626997,1.0
1.0,4,0.2,58,0.6500000000000002,2.8571428571428577,1.0
1.0,4,0.35,79,0.6500000000000014,2.8571428571428585,1.0000000000000002
1.0,4,0.5,80,0.6500000000000008,2.8571428571428585,1.0000000000000002
1.0,5,0.05,20,0.0,1.0,1.0
1.0,5,0.1,37,0.2691692984589257,1.3976808076675924,1.0
1.0,5,0.2,69,0.6500000000000015,2.8571428571428585,1.0000000000000002
1.0,5,0.35,80,0.650000000000001,2.8571428571428585,1.0000000000000002
1.0,5,0.5,80,0.650000000000001,2.8571428571428585,1.0000000000000002
1.0,6,0.05,18,0.0,1.0,1.0
1.0,6,0.1,30,0.6499999999999999,2.8571428571428577,1.0
1.0,6,0.2,68,0.6500000000000007,2.857142857142858,1.0000000000000002
1.0,6,0.35,80,0.6500000000000026,2.8571428571428585,1.0000000000000002
1.0,6,0.5,80,0.6500000000000026,2.8571428571428585,1.0000000000000002
1.0,7,0.05,60,0.6500000000000012,2.857142857142858,1.0000000000000002
1.0,7,0.1,70,0.6500000000000007,2.857142857142858,1.0000000000000002
1.0,7,0.2,78,0.650000000000002,2.857142857142858,1.0000000000000002
1.0,7,0.35,80,0.6500000000000022,2.8571428571428585,1.0000000000000002
1.0,7,0.5,80,0.6500000000000022,2.8571428571428585,1.0000000000000002
1.0,8,0.05,9,0.6500000000000001,2.8571428571428577,1.0
1.0,8,0.1,20,0.6499999999999999,2.8571428571428577,1.0
1.0,8,0.2,41,0.6500000000000005,2.8571428571428577,1.0
1.0,8,0.35,72,0.6500000000000005,2.857142857142858,1.0000000000000002
1.0,8,0.5,80,0.6500000000000011,2.857142857142858,1.0000000000000002
1.0,9,0.05,32,0.5230394227164599,2.4763987596368113,1.0
1.0,9,0.1,47,0.6156851146464062,2.657296493372553,1.0
1.0,9,0.2,73,0.6500000000000014,2.8571428571428585,1.0000000000000004
1.0,9,0.35,80,0.6500000000000015,2.8571428571428585,1.0000000000000004
1.0,9,0.5,80,0.6500000000000015,2.8571428571428585,1.0000000000000004
1.0,10,0.05,20,0.0,1.0,1.0
1.0,10,0.1,33,0.6500000000000001,2.8571428571428577,1.0
1.0,10,0.2,69,0.6500000000000008,2.8571428571428577,1.0
1.0,10,0.35,80,0.6500000000000011,2.8571428571428577,1.0000000000000004
1.0,10,0.5,80,0.6500000000000011,2.8571428571428577,1.0000000000000004
1.0,11,0.05,4,0.0,1.0,1.0
1.0,11,0.1,16,0.5499085010334538,2.3652501219585043,1.0
1.0,11,0.2,41,0.6500000000000001,2.8571428571428577,1.0
1.0,11,0.35,79,0.6500000000000018,2.8571428571428585,1.0000000000000002
1.0,11,0.5,80,0.6500000000000019,2.8571428571428585,1.0000000000000002
1.0,12,0.05,12,0.24307920458200036,1.5193677916782928,1.0
1.0,12,0.1,22,0.6500000000000001,2.8571428571428577,1.0
1.0,12,0.2,61,0.6500000000000006,2.8571428571428577,1.0
1.0,12,0.35,80,0.6500000000000012,2.857142857142858,1.0000000000000002
1.0,12,0.5,80,0.6500000000000012,2.857142857142858,1.0000000000000002
1.0,13,0.05,19,0.44971861896357124,2.041348907985851,1.0
1.0,13,0.1,36,0.6500000000000001,2.8571428571428577,1.0
1.0,13,0.2,65,0.6500000000000004,2.8571428571428577,1.0
1.0,13,0.35,79,0.6500000000000016,2.8571428571428585,1.0000000000000004
1.0,13,0.5,80,0.6500000000000011,2.8571428571428585,1.0000000000000004
1.0,14,0.05,42,0.6500000000000002,2.857142857142858,1.0000000000000002
1.0,14,0.1,57,0.6500000000000024,2.857142857142858,1.0000000000000002
1.0,14,0.2,74,0.6500000000000006,2.8571428571428585,1.0000000000000002
1.0,14,0.35,80,0.6500000000000014,2.8571428571428585,1.0000000000000004
1.0,14,0.5,80,0.6500000000000014,2.8571428571428585,1.0000000000000004
1.0,15,0.05,13,0.0,1.0,1.0
1.0,15,0.1,26,0.3650314185532857,1.9036585772824748,1.0
1.0,15,0.2,62,0.6500000000000012,2.8571428571428577,1.0000000000000002
1.0,15,0.35,80,0.6500000000000025,2.857142857142858,1.0000000000000002
1.0,15,0.5,80,0.6500000000000025,2.857142857142858,1.0000000000000002
1.0,16,0.05,3,0.0,1.0,1.0
1.0,16,0.1,10,0.0,1.0,1.0
1.0,16,0.2,43,0.6500000000000006,2.8571428571428577,1.0
1.0,16,0.35,80,0.650000000000003,2.8571428571428585,1.0000000000000004
1.0,16,0.5,80,0.650000000000003,2.8571428571428585,1.0000000000000004
1.0,17,0.05,49,0.6500000000000009,2.8571428571428577,1.0
1.0,17,0.1,61,0.6500000000000004,2.8571428571428577,1.0
1.0,17,0.2,77,0.6500000000000025,2.8571428571428585,1.0000000000000002
1.0,17,0.35,80,0.6500000000000024,2.8571428571428585,1.0000000000000002
1.0,17,0.5,80,0.6500000000000024,2.8571428571428585,1.0000000000000002
1.0,18,0.05,18,0.37319195783235976,1.6757003346445094,1.0
1.0,18,0.1,37,0.6500000000000004,2.8571428571428577,1.0
1.0,18,0.2,72,0.6500000000000008,2.8571428571428577,1.0000000000000002
1.0,18,0.35,80,0.6500000000000018,2.857142857142858,1.0000000000000002
1.0,18,0.5,80,0.6500000000000018,2.857142857142858,1.0000000000000002
1.0,19,0.05,16,0.6500000000000001,2.8571428571428577,1.0
1.0,19,0.1,26,0.6500000000000001,2.8571428571428577,1.0
1.0,19,0.2,57,0.6500000000000014,2.8571428571428577,1.0
1.0,19,0.35,79,0.6500000000000014,2.8571428571428585,1.0000000000000004
1.0,19,0.5,80,0.6500000000000009,2.8571428571428585,1.0000000000000004
1.0,20,0.05,6,0.0,1.0,1.0
1.0,20,0.1,14,0.0,1.0,1.0
1.0,20,0.2,33,0.65,2.8571428571428568,1.0
1.0,20,0.35,73,0.6500000000000009,2.857142857142858,1.0000000000000002
1.0,20,0.5,80,0.650000000000001,2.8571428571428585,1.0000000000000002
1.0,21,0.05,11,0.0,1.0,1.0
1.0,21,0.1,15,0.0,1.0,1.0
1.0,21,0.2,55,0.6500000000000004,2.8571428571428585,1.0
1.0,21,0.35,79,0.6500000000000006,2.8571428571428585,1.0000000000000002
1.0,21,0.5,80,0.6500000000000009,2.857142857142859,1.0000000000000002
1.0,22,0.05,28,0.0,1.0,1.0
1.0,22,0.1,45,0.6500000000000001,2.8571428571428577,1.0
1.0,22,0.2,72,0.6500000000000009,2.8571428571428577,1.0
1.0,22,0.35,80,0.6500000000000027,2.8571428571428577,1.0000000000000002
1.0,22,0.5,80,0.6500000000000027,2.8571428571428577,1.0000000000000002
1.0,23,0.05,16,0.6499999999999999,2.8571428571428577,1.0000000000000004
1.0,23,0.1,34,0.65,2.8571428571428577,1.0000000000000004
1.0,23,0.2,74,0.6500000000000026,2.857142857142858,1.0000000000000004
1.0,23,0.35,80,0.6500000000000014,2.857142857142858,1.0000000000000004
1.0,23,0.5,80,0.6500000000000014,2.857142857142858,1.0000000000000004
1.0,24,0.05,49,0.6500000000000001,2.8571428571428577,1.0
1.0,24,0.1,66,0.6500000000000011,2.857142857142858,1.0000000000000002
1.0,24,0.2,80,0.6500000000000017,2.8571428571428585,1.0000000000000004
1.0,24,0.35,80,0.6500000000000017,2.8571428571428585,1.0000000000000004
1.0,24,0.5,80,0.6500000000000017,2.8571428571428585,1.0000000000000004
1.0,25,0.05,27,0.5760906033729892,2.4696176534024517,1.0
1.0,25,0.1,38,0.6179497597250152,2.7350491898484606,1.0
1.0,25,0.2,67,0.6500000000000004,2.857142857142858,1.0000000000000002
1.0,25,0.35,80,0.6500000000000009,2.8571428571428585,1.0000000000000002
1.0,25,0.5,80,0.6500000000000009,2.8571428571428585,1.0000000000000002
1.0,26,0.05,62,0.6500000000000026,2.8571428571428577,1.0
1.0,26,0.1,72,0.6500000000000011,2.8571428571428577,1.0
1.0,26,0.2,80,0.6500000000000007,2.857142857142858,1.0000000000000002
1.0,26,0.35,80,0.6500000000000007,2.857142857142858,1.0000000000000002
1.0,26,0.5,80,0.6500000000000007,2.857142857142858,1.0000000000000002
1.0,27,0.05,19,0.34527247530331084,1.8733248265371634,1.0
1.0,27,0.1,33,0.6500000000000001,2.8571428571428577,1.0
1.0,27,0.2,62,0.6500000000000004,2.8571428571428577,1.0
1.0,27,0.35,79,0.6500000000000015,2.8571428571428577,1.0
1.0,27,0.5,80,0.6500000000000006,2.8571428571428585,1.0000000000000002
1.0,28,0.05,3,0.0,1.0,1.0
1.0,28,0.1,6,0.0,1.0,1.0
1.0,28,0.2,35,0.6500000000000001,2.8571428571428577,1.0
1.0,28,0.35,77,0.6500000000000008,2.857142857142858,1.0000000000000002
1.0,28,0.5,80,0.6500000000000015,2.857142857142858,1.0000000000000002
1.0,29,0.05,20,0.0,1.0,1.0
1.0,29,0.1,30,0.3991132620860738,1.9626300862111594,1.0
1.0,29,0.2,69,0.6500000000000016,2.8571428571428577,1.0
1.0,29,0.35,80,0.650000000000002,2.8571428571428585,1.0000000000000002
1.0,29,0.5,80,0.650000000000002,2.8571428571428585,1.0000000000000002
1.0,30,0.05,23,0.435913749369646,2.037089339656671,1.0
1.0,30,0.1,39,0.6500000000000001,2.8571428571428577,1.0
1.0,30,0.2,68,0.6500000000000009,2.857142857142858,1.0000000000000002
1.0,30,0.35,80,0.6500000000000016,2.857142857142858,1.0000000000000002
1.0,30,0.5,80,0.6500000000000016,2.857142857142858,1.0000000000000002
1.0,31,0.05,16,0.4102245096782661,1.983850610407801,1.0
1.0,31,0.1,24,0.4102245096782661,1.983850610407801,1.0
1.0,31,0.2,57,0.6500000000000007,2.8571428571428577,1.0000000000000002
1.0,31,0.35,79,0.6500000000000018,2.857142857142858,1.0000000000000002
1.0,31,0.5,80,0.6500000000000012,2.857142857142858,1.0000000000000002
2.0,0,0.05,60,0.6500000000000001,2.857142857142858,1.0000000000000002
2.0,0,0.1,74,0.6500000000000004,2.857142857142858,1.0000000000000002
2.0,0,0.2,80,0.6500000000000006,2.857142857142859,1.0000000000000007
2.0,0,0.35,80,0.6500000000000006,2.857142857142859,1.0000000000000007
2.0,0,0.5,80,0.6500000000000006,2.857142857142859,1.0000000000000007
2.0,1,0.05,19,0.5437530106340175,2.3426430232172812,1.0
2.0,1,0.1,30,0.5865409123928839,2.634983910117938,1.0
2.0,1,0.2,72,0.6500000000000005,2.8571428571428568,1.0000000000000002
2.0,1,0.35,80,0.650000000000001,2.857142857142859,1.0000000000000004
2.0,1,0.5,80,0.650000000000001,2.857142857142859,1.0000000000000004
2.0,2,0.05,5,0.0,1.0,1.0
2.0,2,0.1,13,0.2928742552311861,1.8048080007248166,1.0
2.0,2,0.2,48,0.6500000000000009,2.8571428571428577,1.0
2.0,2,0.35,79,0.650000000000001,2.8571428571428577,1.0
2.0,2,0.5,80,0.6500000000000018,2.8571428571428594,1.0000000000000004
2.0,3,0.05,1,0.0,1.0,1.0
2.0,3,0.1,4,0.0,1.0,1.0
2.0,3,0.2,17,0.5621192195429252,2.412203176152402,1.0
2.0,3,0.35,69,0.6500000000000009,2.8571428571428577,1.0
2.0,3,0.5,80,0.6500000000000018,2.8571428571428594,1.0000000000000004
2.0,4,0.05,4,0.0,1.0,1.0
2.0,4,0.1,13,0.0,1.0,1.0
2.0,4,0.2,55,0.6500000000000004,2.8571428571428577,1.0
2.0,4,0.35,80,0.6500000000000016,2.8571428571428594,1.0000000000000004
2.0,4,0.5,80,0.6500000000000016,2.8571428571428594,1.0000000000000004
2.0,5,0.05,8,0.6499999999999999,2.8571428571428568,1.0
2.0,5,0.1,19,0.6500000000000007,2.8571428571428568,1.0
2.0,5,0.2,65,0.65,2.8571428571428563,1.0
2.0,5,0.35,80,0.6500000000000042,2.8571428571428603,1.0000000000000007
2.0,5,0.5,80,0.6500000000000042,2.8571428571428603,1.0000000000000007
2.0,6,0.05,13,0.0,1.0,1.0
2.0,6,0.1,26,0.4349691654433936,1.9923539308190852,1.0
2.0,6,0.2,66,0.6500000000000046,2.8571428571428577,1.0
2.0,6,0.35,80,0.6500000000000015,2.857142857142859,1.0000000000000004
2.0,6,0.5,80,0.6500000000000015,2.857142857142859,1.0000000000000004
2.0,7,0.05,48,0.6499999999999996,2.8571428571428577,1.0
2.0,7,0.1,67,0.6500000000000001,2.8571428571428577,1.0
2.0,7,0.2,80,0.6500000000000025,2.8571428571428594,1.0000000000000004
2.0,7,0.35,80,0.6500000000000025,2.8571428571428594,1.0000000000000004
2.0,7,0.5,80,0.6500000000000025,2.8571428571428594,1.0000000000000004
2.0,8,0.05,7,0.0,1.0,1.0
2.0,8,0.1,9,0.0,1.0,1.0
2.0,8,0.2,37,0.634891209277349,2.81801766310635,1.0
2.0,8,0.35,79,0.644500739415563,2.857057774643258,1.0
2.0,8,0.5,80,0.6499999999999961,2.85714285714286,1.0000000000000007
2.0,9,0.05,29,0.5105526768808549,2.370827905833212,1.0
2.0,9,0.1,38,0.6500000000000001,2.857142857142857,1.0
2.0,9,0.2,74,0.6500000000000002,2.8571428571428577,1.0
2.0,9,0.35,80,0.6500000000000024,2.857142857142859,1.0000000000000004
2.0,9,0.5,80,0.6500000000000024,2.857142857142859,1.0000000000000004
2.0,10,0.05,9,0.28711758824806777,1.5926740601007188,1.0
2.0,10,0.1,21,0.46160394852069914,2.4350706583597126,1.0
2.0,10,0.2,61,0.6264135734907416,2.8415625254298735,1.0
2.0,10,0.35,80,0.6500000000000026,2.85714285714286,1.0000000000000004
2.0,10,0.5,80,0.6500000000000026,2.85714285714286,1.0000000000000004
2.0,11,0.05,2,0.0,1.0,1.0
2.0,11,0.1,5,0.0,1.0,1.0
2.0,11,0.2,35,0.6500000000000001,2.8571428571428577,1.0
2.0,11,0.35,79,0.6500000000000004,2.8571428571428577,1.0
2.0,11,0.5,80,0.6500000000000007,2.857142857142859,1.0000000000000004
2.0,12,0.05,5,0.4244566224311339,1.7750957378210732,1.0
2.0,12,0.1,18,0.5998631214692745,2.6753513247431213,1.0
2.0,12,0.2,53,0.620797036577321,2.832403769300907,1.0
2.0,12,0.35,79,0.6499999999999996,2.8571428571428577,1.0
2.0,12,0.5,80,0.6500000000000008,2.8571428571428594,1.0000000000000004
2.0,13,0.05,9,0.19759148273151989,1.7170372447028504,1.0
2.0,13,0.1,23,0.5873922855978907,2.740976506885849,1.0
2.0,13,0.2,67,0.6500000000000008,2.8571428571428577,1.0
2.0,13,0.35,80,0.6500000000000047,2.857142857142859,1.0000000000000004
2.0,13,0.5,80,0.6500000000000047,2.857142857142859,1.0000000000000004
2.0,14,0.05,33,0.6500000000000001,2.8571428571428577,1.0
2.0,14,0.1,51,0.6500000000000007,2.8571428571428577,1.0
2.0,14,0.2,78,0.6500000000000009,2.8571428571428577,1.0000000000000002
2.0,14,0.35,80,0.6500000000000021,2.857142857142859,1.0000000000000004
2.0,14,0.5,80,0.6500000000000021,2.857142857142859,1.0000000000000004
2.0,15,0.05,5,0.0,1.0,1.0
2.0,15,0.1,16,0.14141683539035846,1.1877126550866244,1.0
2.0,15,0.2,62,0.6500000000000001,2.8571428571428577,1.0
2.0,15,0.35,80,0.650000000000002,2.8571428571428594,1.0000000000000004
2.0,15,0.5,80,0.650000000000002,2.8571428571428594,1.0000000000000004
2.0,16,0.05,4,0.0,1.0,1.0
2.0,16,0.1,9,0.0,1.0,1.0
2.0,16,0.2,34,0.48117381138064536,2.2430331979680043,1.0
2.0,16,0.35,80,0.6500000000000018,2.8571428571428594,1.0000000000000002
2.0,16,0.5,80,0.6500000000000018,2.8571428571428594,1.0000000000000002
2.0,17,0.05,42,0.6152559140619515,2.8147376723908386,1.0
2.0,17,0.1,63,0.6348311991008586,2.8483774547798557,1.0
2.0,17,0.2,77,0.6500000000000009,2.8571428571428577,1.0000000000000002
2.0,17,0.35,80,0.650000000000001,2.8571428571428594,1.0000000000000004
2.0,17,0.5,80,0.650000000000001,2.8571428571428594,1.0000000000000004
2.0,18,0.05,14,0.4981590110159456,2.205926350495306,1.0
2.0,18,0.1,36,0.5495664126667938,2.5987895950904787,1.0
2.0,18,0.2,72,0.6500000000000001,2.8571428571428577,1.0
2.0,18,0.35,80,0.650000000000001,2.857142857142859,1.0000000000000004
2.0,18,0.5,80,0.650000000000001,2.857142857142859,1.0000000000000004
2.0,19,0.05,9,0.39650047133511124,1.9577891726129544,1.0
2.0,19,0.1,21,0.4342351255804875,2.0998952880246233,1.0
2.0,19,0.2,47,0.6075214430698453,2.7666368701599575,1.0
2.0,19,0.35,79,0.6500000000000032,2.857142857142858,1.0000000000000002
2.0,19,0.5,80,0.6500000000000009,2.857142857142859,1.0000000000000002
2.0,20,0.05,2,0.0,1.0,1.0
2.0,20,0.1,8,0.0,1.0,1.0
2.0,20,0.2,28,0.5477550046043127,2.5545858683532963,1.0
2.0,20,0.35,74,0.6500000000000002,2.8571428571428577,1.0
2.0,20,0.5,80,0.6500000000000015,2.857142857142858,1.0000000000000002
2.0,21,0.05,7,0.0,1.0,1.0
2.0,21,0.1,15,0.1690761267240168,1.6985561781115293,1.0
2.0,21,0.2,53,0.6500000000000005,2.8571428571428568,1.0000000000000002
2.0,21,0.35,79,0.6500000000000015,2.857142857142859,1.0000000000000004
2.0,21,0.5,80,0.6500000000000005,2.857142857142859,1.0000000000000004
2.0,22,0.05,18,0.422737430322551,2.159718711707711,0.7559015490976986
2.0,22,0.1,37,0.5516213871011645,2.5476397242239,1.0
2.0,22,0.2,75,0.6500000000000009,2.8571428571428577,1.0
2.0,22,0.35,80,0.6500000000000008,2.8571428571428608,1.0000000000000007
2.0,22,0.5,80,0.6500000000000008,2.8571428571428608,1.0000000000000007
2.0,23,0.05,16,0.32217318685632484,1.9447403307568272,1.0
2.0,23,0.1,26,0.5354714127136532,2.3934819999173027,1.0
2.0,23,0.2,74,0.6433283256366252,2.8567708705080155,1.0
2.0,23,0.35,80,0.6500000000000002,2.8571428571428594,1.0000000000000007
2.0,23,0.5,80,0.6500000000000002,2.8571428571428594,1.0000000000000007
2.0,24,0.05,47,0.6348295327667017,2.8520733110221754,1.0
2.0,24,0.1,68,0.6499999999999998,2.8571428571428577,1.0
2.0,24,0.2,80,0.650000000000002,2.8571428571428594,1.0000000000000002
2.0,24,0.35,80,0.650000000000002,2.8571428571428594,1.0000000000000002
2.0,24,0.5,80,0.650000000000002,2.8571428571428594,1.0000000000000002
2.0,25,0.05,14,0.4716384938011305,2.122030567101651,1.0
2.0,25,0.1,25,0.5242074680715708,2.578650036076597,1.0
2.0,25,0.2,66,0.6500000000000007,2.8571428571428577,1.0
2.0,25,0.35,80,0.6500000000000006,2.857142857142859,1.0000000000000004
2.0,25,0.5,80,0.6500000000000006,2.857142857142859,1.0000000000000004
2.0,26,0.05,58,0.6500000000000001,2.8571428571428577,1.0
2.0,26,0.1,72,0.6500000000000004,2.8571428571428577,1.0
2.0,26,0.2,80,0.6500000000000006,2.8571428571428594,1.0000000000000004
2.0,26,0.35,80,0.6500000000000006,2.8571428571428594,1.0000000000000004
2.0,26,0.5,80,0.6500000000000006,2.8571428571428594,1.0000000000000004
2.0,27,0.05,16,0.3876962413251459,2.124619060879291,1.0
2.0,27,0.1,33,0.5306464544411519,2.613836280621416,1.0
2.0,27,0.2,66,0.6500000000000005,2.8571428571428577,1.0
2.0,27,0.35,80,0.6500000000000007,2.857142857142859,1.0000000000000004
2.0,27,0.5,80,0.6500000000000007,2.857142857142859,1.0000000000000004
2.0,28,0.05,2,0.0,1.0,1.0
2.0,28,0.1,6,0.0,1.0,1.0
2.0,28,0.2,24,0.3502429915164832,1.920532688362149,1.0
2.0,28,0.35,75,0.6500000000000004,2.8571428571428577,1.0
2.0,28,0.5,80,0.6499999999999997,2.857142857142859,1.0000000000000004
2.0,29,0.05,12,0.4540614538491417,2.0785353909665214,1.0
2.0,29,0.1,29,0.6500000000000002,2.857142857142857,1.0000000000000002
2.0,29,0.2,66,0.6500000000000006,2.8571428571428577,1.0000000000000002
2.0,29,0.35,80,0.6500000000000025,2.85714285714286,1.0000000000000004
2.0,29,0.5,80,0.6500000000000025,2.85714285714286,1.0000000000000004
2.0,30,0.05,14,0.37984319528112936,1.7338898933652656,1.0
2.0,30,0.1,29,0.4994125167186803,2.3251705480174913,1.0
2.0,30,0.2,70,0.6414200430931734,2.8550357265036195,1.0
2.0,30,0.35,80,0.6500000000000005,2.857142857142859,1.0000000000000007
2.0,30,0.5,80,0.6500000000000005,2.857142857142859,1.0000000000000007
2.0,31,0.05,8,0.19845345526185892,1.2779677680516455,1.0
2.0,31,0.1,15,0.41403502879686876,2.023210613241206,1.0
2.0,31,0.2,53,0.6500000000000002,2.8571428571428568,1.0
2.0,31,0.35,80,0.6500000000000007,2.857142857142859,1.0000000000000002
2.0,31,0.5,80,0.6500000000000007,2.857142857142859,1.0000000000000002
4.0,0,0.05,58,0.5531199914715672,2.6598019313179475,0.930930675961281
4.0,0,0.1,75,0.6278795117427527,2.838037303249214,0.993313056137225
4.0,0,0.2,80,0.6500000000000029,2.85714285714286,1.0000000000000007
4.0,0,0.35,80,0.6500000000000029,2.85714285714286,1.0000000000000007
4.0,0,0.5,80,0.6500000000000029,2.85714285714286,1.0000000000000007
4.0,1,0.05,18,0.39021292042621286,1.7894803167476994,1.0
4.0,1,0.1,28,0.43263504000981057,2.0789764166167664,1.0
4.0,1,0.2,69,0.6038035260922707,2.793989912506239,1.0
4.0,1,0.35,80,0.6499999999999992,2.85714285714286,1.0000000000000004
4.0,1,0.5,80,0.6499999999999992,2.85714285714286,1.0000000000000004
4.0,2,0.05,3,0.0,1.0,0.3500000000000001
4.0,2,0.1,12,0.4491945097760297,2.2657809012793777,0.793023315447782
4.0,2,0.2,46,0.5240728450983948,2.5456366764105947,0.8909728367437079
4.0,2,0.35,80,0.6500000000000019,2.857142857142859,1.0000000000000007
4.0,2,0.5,80,0.6500000000000019,2.857142857142859,1.0000000000000007
4.0,3,0.05,1,0.0,1.0,1.0
4.0,3,0.1,4,0.0,1.0,1.0
4.0,3,0.2,15,0.3977603054327064,1.7923489012846932,1.0
4.0,3,0.35,72,0.6274433471786971,2.844030433865258,1.0
4.0,3,0.5,80,0.6499999999999986,2.8571428571428594,1.0000000000000004
4.0,4,0.05,3,0.0,1.0,0.35
4.0,4,0.1,11,0.022960620429988452,1.0240466520102294,0.35841632820358027
4.0,4,0.2,54,0.5510383586910663,2.545504744753528,1.0
4.0,4,0.35,80,0.6499999999999991,2.8571428571428603,1.0000000000000004
4.0,4,0.5,80,0.6499999999999991,2.8571428571428603,1.0000000000000004
4.0,5,0.05,6,0.18337119313417136,1.3556234753359324,1.0
4.0,5,0.1,13,0.32095914753731786,1.5388174664228085,1.0
4.0,5,0.2,64,0.5897039077022975,2.7610305111247153,1.0
4.0,5,0.35,80,0.6500000000000007,2.8571428571428594,1.0000000000000004
4.0,5,0.5,80,0.6500000000000007,2.8571428571428594,1.0000000000000004
4.0,6,0.05,12,0.13819584868969076,1.2175435968042323,1.0
4.0,6,0.1,30,0.47647968699768145,2.4084800628620693,1.0
4.0,6,0.2,65,0.6044244249443537,2.827945109968466,1.0
4.0,6,0.35,80,0.650000000000004,2.8571428571428594,1.0000000000000007
4.0,6,0.5,80,0.650000000000004,2.8571428571428594,1.0000000000000007
4.0,7,0.05,46,0.5076511848319485,2.465950502800799,0.8630826759802798
4.0,7,0.1,71,0.6067014844077624,2.8115746518404,0.9840511281441401
4.0,7,0.2,80,0.6500000000000014,2.8571428571428603,1.0000000000000004
4.0,7,0.35,80,0.6500000000000014,2.8571428571428603,1.0000000000000004
4.0,7,0.5,80,0.6500000000000014,2.8571428571428603,1.0000000000000004
4.0,8,0.05,5,0.1652324005609199,1.4554089189439878,0.5093931216303957
4.0,8,0.1,6,0.24078646676739826,1.5045774716442943,0.526602115075503
4.0,8,0.2,31,0.44542371059230834,2.2605582458268585,1.0
4.0,8,0.35,79,0.6467354867073094,2.8563621288961953,1.0
4.0,8,0.5,80,0.6499999999999975,2.8571428571428594,1.0000000000000004
4.0,9,0.05,21,0.47585789382734955,2.1573870974571956,1.0
4.0,9,0.1,38,0.4893631199944673,2.3147242503228713,1.0
4.0,9,0.2,73,0.6239311471929487,2.850856555867212,1.0
4.0,9,0.35,80,0.6500000000000001,2.85714285714286,1.0000000000000007
4.0,9,0.5,80,0.6500000000000001,2.85714285714286,1.0000000000000007
4.0,10,0.05,6,0.16182923785212888,1.3040900253554633,1.0
4.0,10,0.1,17,0.17669921599427427,1.3573340604995925,1.0
4.0,10,0.2,67,0.5976677379944985,2.7804763640099406,1.0
4.0,10,0.35,80,0.6500000000000045,2.8571428571428594,1.0000000000000007
4.0,10,0.5,80,0.6500000000000045,2.8571428571428594,1.0000000000000007
4.0,11,0.05,2,0.0,1.0,0.3500000000000001
4.0,11,0.1,6,0.3410966192628478,1.59156186371635,1.0
4.0,11,0.2,32,0.40972932494972075,2.0252220409494113,1.0
4.0,11,0.35,80,0.6499999999999988,2.857142857142859,1.0000000000000004
4.0,11,0.5,80,0.6499999999999988,2.857142857142859,1.0000000000000004
4.0,12,0.05,3,0.0,1.0,0.35
4.0,12,0.1,18,0.2827192981854261,1.8281434156340524,0.6398501954719185
4.0,12,0.2,55,0.6499999999999992,2.8571428571428577,1.0
4.0,12,0.35,80,0.6500000000000018,2.85714285714286,1.0000000000000004
4.0,12,0.5,80,0.6500000000000018,2.85714285714286,1.0000000000000004
4.0,13,0.05,8,0.15309167798708956,1.182769157302048,1.0
4.0,13,0.1,26,0.41807196705379907,2.1266693266710655,1.0
4.0,13,0.2,70,0.6190442843053385,2.8108829230090646,1.0
4.0,13,0.35,80,0.6500000000000011,2.857142857142859,1.0000000000000004
4.0,13,0.5,80,0.6500000000000011,2.857142857142859,1.0000000000000004
4.0,14,0.05,25,0.3575174663158878,1.7677664443951302,0.6187182555382953
4.0,14,0.1,48,0.5149138941231276,2.5044158313305314,0.8765455409656858
4.0,14,0.2,79,0.6500000000000022,2.8571428571428594,1.0000000000000004
4.0,14,0.35,80,0.650000000000003,2.857142857142859,1.0000000000000004
4.0,14,0.5,80,0.650000000000003,2.857142857142859,1.0000000000000004
4.0,15,0.05,4,0.0,1.0,1.0
4.0,15,0.1,13,0.2742270039505228,1.7841704177484097,1.0
4.0,15,0.2,59,0.5618799181813023,2.6730517635301414,1.0
4.0,15,0.35,80,0.6500000000000006,2.857142857142859,1.0000000000000004
4.0,15,0.5,80,0.6500000000000006,2.857142857142859,1.0000000000000004
4.0,16,0.05,0,0.0,1.0,0.0
4.0,16,0.1,4,0.0,1.0,0.3500000000000001
4.0,16,0.2,30,0.4497717528177549,2.1494882775733783,0.7523208971506822
4.0,16,0.35,80,0.6500000000000035,2.857142857142859,1.0000000000000004
4.0,16,0.5,80,0.6500000000000035,2.857142857142859,1.0000000000000004
4.0,17,0.05,43,0.4693206930602262,2.2394344271073847,1.0
4.0,17,0.1,65,0.5681836197197514,2.6760475116818796,1.0
4.0,17,0.2,80,0.6500000000000004,2.8571428571428594,1.0000000000000007
4.0,17,0.35,80,0.6500000000000004,2.8571428571428594,1.0000000000000007
4.0,17,0.5,80,0.6500000000000004,2.8571428571428594,1.0000000000000007
4.0,18,0.05,8,0.22985973186023045,1.398747816340308,0.48956173571910777
4.0,18,0.1,29,0.43852149921324424,2.2106141473311607,0.7737149515659064
4.0,18,0.2,76,0.6276415443861996,2.83436311380955,0.9920270898333423
4.0,18,0.35,80,0.6500000000000008,2.8571428571428594,1.0000000000000004
4.0,18,0.5,80,0.6500000000000008,2.8571428571428594,1.0000000000000004
4.0,19,0.05,6,0.11760767155949375,1.143445794085761,1.0
4.0,19,0.1,19,0.377787888479648,1.765380329378481,1.0
4.0,19,0.2,48,0.5300280254467881,2.542181343042852,1.0
4.0,19,0.35,80,0.650000000000003,2.8571428571428594,1.0000000000000004
4.0,19,0.5,80,0.650000000000003,2.8571428571428594,1.0000000000000004
4.0,20,0.05,1,0.0,1.0,0.35
4.0,20,0.1,4,0.13768958711945511,1.1735500351425572,0.41074251229989484
4.0,20,0.2,23,0.38908518928589075,1.9142922865419847,0.6700023002896947
4.0,20,0.35,76,0.631513110141251,2.8379676212159946,0.9932886674255978
4.0,20,0.5,80,0.6500000000000009,2.8571428571428608,1.0000000000000004
4.0,21,0.05,4,0.0,1.0,1.0
4.0,21,0.1,10,0.3745452010620467,1.9192386864780722,1.0
4.0,21,0.2,53,0.5343270366836121,2.64881698198307,1.0
4.0,21,0.35,80,0.6500000000000027,2.85714285714286,1.0000000000000007
4.0,21,0.5,80,0.6500000000000027,2.85714285714286,1.0000000000000007
4.0,22,0.05,19,0.5577900449064526,2.481438598124552,1.0
4.0,22,0.1,31,0.557790044906453,2.4963039844261186,1.0
4.0,22,0.2,74,0.6239397880110985,2.8344976128106985,1.0
4.0,22,0.35,80,0.6500000000000024,2.8571428571428594,1.0000000000000004
4.0,22,0.5,80,0.6500000000000024,2.8571428571428594,1.0000000000000004
4.0,23,0.05,12,0.28110562033704256,1.842544315358524,1.0
4.0,23,0.1,29,0.41154867999185946,2.0272816138872582,1.0
4.0,23,0.2,74,0.6056361400178064,2.810895880280311,1.0
4.0,23,0.35,80,0.650000000000002,2.8571428571428594,1.0000000000000007
4.0,23,0.5,80,0.650000000000002,2.8571428571428594,1.0000000000000007
4.0,24,0.05,42,0.4717075761130644,2.262558898918141,1.0
4.0,24,0.1,65,0.5715291404649486,2.686395222449136,1.0
4.0,24,0.2,80,0.6500000000000024,2.857142857142859,1.0000000000000004
4.0,24,0.35,80,0.6500000000000024,2.857142857142859,1.0000000000000004
4.0,24,0.5,80,0.6500000000000024,2.857142857142859,1.0000000000000004
4.0,25,0.05,9,0.09232900558107514,1.1098508729129506,1.0
4.0,25,0.1,23,0.3478171278173123,1.8770834653861055,1.0
4.0,25,0.2,66,0.5908089018734405,2.7837599737809864,1.0
4.0,25,0.35,80,0.6499999999999981,2.857142857142859,1.0000000000000004
4.0,25,0.5,80,0.6499999999999981,2.857142857142859,1.0000000000000004
4.0,26,0.05,60,0.5471406023668751,2.660550773268178,0.9311927706438625
4.0,26,0.1,76,0.6500000000000034,2.8571428571428577,1.0
4.0,26,0.2,80,0.6500000000000012,2.85714285714286,1.0000000000000004
4.0,26,0.35,80,0.6500000000000012,2.85714285714286,1.0000000000000004
4.0,26,0.5,80,0.6500000000000012,2.85714285714286,1.0000000000000004
4.0,27,0.05,16,0.3737788194964401,1.8517762238520497,1.0
4.0,27,0.1,26,0.47271966242789193,2.14439041494074,1.0
4.0,27,0.2,71,0.6115047309882738,2.8091027700852735,1.0
4.0,27,0.35,80,0.6499999999999999,2.8571428571428608,1.0000000000000007
4.0,27,0.5,80,0.6499999999999999,2.8571428571428608,1.0000000000000007
4.0,28,0.05,0,0.0,1.0,0.0
4.0,28,0.1,3,0.0,1.0,0.3500000000000001
4.0,28,0.2,21,0.36960129370075984,1.7457354197391064,0.6110073969086871
4.0,28,0.35,76,0.6320524016552013,2.8479631375484713,0.9967870981419643
4.0,28,0.5,80,0.6500000000000025,2.8571428571428594,1.0000000000000004
4.0,29,0.05,7,0.3855720692063925,1.9736505382512302,0.6907776883879305
4.0,29,0.1,24,0.3858013461227263,1.9839447300017738,1.0
4.0,29,0.2,68,0.6002898450285775,2.7306099297724473,1.0
4.0,29,0.35,80,0.65,2.857142857142859,1.0000000000000004
4.0,29,0.5,80,0.65,2.857142857142859,1.0000000000000004
4.0,30,0.05,11,0.43541973117946686,1.8184435652100432,0.6364552478235151
4.0,30,0.1,24,0.4519563687366379,2.2292467487650933,0.7802363620677827
4.0,30,0.2,68,0.5915662221960105,2.772410376779338,1.0
4.0,30,0.35,80,0.65,2.8571428571428594,1.0000000000000004
4.0,30,0.5,80,0.65,2.8571428571428594,1.0000000000000004
4.0,31,0.05,8,0.33844490091365836,1.579047982218804,0.5526667937765815
4.0,31,0.1,18,0.34395739484300386,1.6639616433455326,1.0
4.0,31,0.2,51,0.5991786370135157,2.7293646221823806,1.0
4.0,31,0.35,80,0.6499999999999988,2.8571428571428608,1.0000000000000004
4.0,31,0.5,80,0.6499999999999988,2.8571428571428608,1.0000000000000004
8.0,0,0.05,58,0.49726209130341764,2.3386512986760772,0.818527954536627
8.0,0,0.1,75,0.6230403812474896,2.7852441427245225,0.9748354499535834
8.0,0,0.2,80,0.6500000000000018,2.857142857142859,1.0000000000000004
8.0,0,0.35,80,0.6500000000000018,2.857142857142859,1.0000000000000004
8.0,0,0.5,80,0.6500000000000018,2.857142857142859,1.0000000000000004
8.0,1,0.05,17,0.26055007525586693,1.4636257610219447,0.5122690163576807
8.0,1,0.1,26,0.3311410781180259,1.7972254488289519,0.6290289070901328
8.0,1,0.2,73,0.5975353374928603,2.6912600950567644,0.941941033269867
8.0,1,0.35,80,0.6500000000000032,2.857142857142859,1.0000000000000004
8.0,1,0.5,80,0.6500000000000032,2.857142857142859,1.0000000000000004
8.0,2,0.05,3,0.0,1.0,0.3500000000000001
8.0,2,0.1,9,0.10747683368876791,1.1714259456676666,0.4099990809836834
8.0,2,0.2,46,0.44354507100593,2.1806903940099414,0.7632416379034795
8.0,2,0.35,80,0.6499999999999998,2.857142857142859,1.0000000000000007
8.0,2,0.5,80,0.6499999999999998,2.857142857142859,1.0000000000000007
8.0,3,0.05,0,0.0,1.0,0.0
8.0,3,0.1,2,0.0,1.0,0.35
8.0,3,0.2,18,0.27199209236786315,1.5202543683846603,0.532089028934631
8.0,3,0.35,73,0.6032709052103004,2.735081326969819,0.9572784644394362
8.0,3,0.5,80,0.6500000000000007,2.8571428571428594,1.0000000000000004
8.0,4,0.05,3,0.14094320728330265,1.2687675811332286,0.44406865339663015
8.0,4,0.1,11,0.1496886926407754,1.2798437414712107,0.44794530951492384
8.0,4,0.2,52,0.4792015127778582,2.4260824278151056,0.8491288497352871
8.0,4,0.35,80,0.6499999999999999,2.8571428571428594,1.0000000000000004
8.0,4,0.5,80,0.6499999999999999,2.8571428571428594,1.0000000000000004
8.0,5,0.05,5,0.0,1.0,0.3500000000000001
8.0,5,0.1,12,0.1728632251372834,1.3034601692561458,0.456211059239651
8.0,5,0.2,65,0.5606328454938301,2.558752210805876,0.8955632737820564
8.0,5,0.35,80,0.6500000000000054,2.8571428571428594,1.0000000000000004
8.0,5,0.5,80,0.6500000000000054,2.8571428571428594,1.0000000000000004
8.0,6,0.05,11,0.12540033006881834,1.1883117154364589,0.41590910040276047
8.0,6,0.1,24,0.3189006579345036,1.7871933960373216,0.6255176886130627
8.0,6,0.2,71,0.5905123697242105,2.6903196381536283,0.9416118733537702
8.0,6,0.35,80,0.6500000000000029,2.8571428571428594,1.0000000000000004
8.0,6,0.5,80,0.6500000000000029,2.8571428571428594,1.0000000000000004
8.0,7,0.05,48,0.4509998326402475,2.232842927090855,0.7814950244817991
8.0,7,0.1,70,0.5930959628488379,2.6947886540580455,0.9431760289203158
8.0,7,0.2,80,0.6500000000000005,2.8571428571428608,1.0000000000000004
8.0,7,0.35,80,0.6500000000000005,2.8571428571428608,1.0000000000000004
8.0,7,0.5,80,0.6500000000000005,2.8571428571428608,1.0000000000000004
8.0,8,0.05,5,0.07706847456388122,1.1265746091540203,0.39430111320390687
8.0,8,0.1,6,0.07706847456388122,1.1265746091540203,0.39430111320390687
8.0,8,0.2,29,0.3450630107648462,2.00813188407122,0.7028461594249269
8.0,8,0.35,78,0.6369743319771958,2.8273963228280197,0.9895887129898069
8.0,8,0.5,80,0.6499999999999996,2.85714285714286,1.0000000000000004
8.0,9,0.05,18,0.2631869047814949,1.5967831161470447,0.5588740906514655
8.0,9,0.1,34,0.34819489032039574,1.8935911939357093,0.6627569178774982
8.0,9,0.2,74,0.6017221759781088,2.7401105099993304,0.9590386784997659
8.0,9,0.35,80,0.65,2.8571428571428594,1.0000000000000004
8.0,9,0.5,80,0.65,2.8571428571428594,1.0000000000000004
8.0,10,0.05,5,0.054244650564908396,1.1039551759938742,0.38638431159785597
8.0,10,0.1,19,0.24931022564824243,1.5045886913275652,0.526606041964648
8.0,10,0.2,66,0.5593857873433936,2.569628389567589,0.8993699363486564
8.0,10,0.35,80,0.6500000000000009,2.8571428571428603,1.0000000000000004
8.0,10,0.5,80,0.6500000000000009,2.8571428571428603,1.0000000000000004
8.0,11,0.05,2,0.0,1.0,0.3500000000000001
8.0,11,0.1,5,0.09040602927735905,1.0997556119325544,0.3849144641763939
8.0,11,0.2,32,0.35837978939025805,2.026097570494308,0.7091341496730077
8.0,11,0.35,80,0.6500000000000019,2.8571428571428594,1.0000000000000004
8.0,11,0.5,80,0.6500000000000019,2.8571428571428594,1.0000000000000004
8.0,12,0.05,3,0.0,1.0,0.3500000000000001
8.0,12,0.1,19,0.2820711806835067,1.5745733988886266,0.5511006896110193
8.0,12,0.2,52,0.42946773989828807,2.196893573197429,0.7689127506190996
8.0,12,0.35,80,0.6499999999999992,2.85714285714286,1.0000000000000004
8.0,12,0.5,80,0.6499999999999992,2.85714285714286,1.0000000000000004
8.0,13,0.05,8,0.06577367743919313,1.0773608402527795,0.3770762940884728
8.0,13,0.1,22,0.27646889567090743,1.6044634999753602,0.5615622249913759
8.0,13,0.2,70,0.5825995323001596,2.6265287676600546,0.9192850686810188
8.0,13,0.35,80,0.6500000000000006,2.8571428571428594,1.0000000000000004
8.0,13,0.5,80,0.6500000000000006,2.8571428571428594,1.0000000000000004
8.0,14,0.05,27,0.30229983801829646,1.8022085032774902,0.6307729761471215
8.0,14,0.1,52,0.48858319261383015,2.296979288782916,0.8039427510740208
8.0,14,0.2,80,0.6500000000000026,2.85714285714286,1.0000000000000004
8.0,14,0.35,80,0.6500000000000026,2.85714285714286,1.0000000000000004
8.0,14,0.5,80,0.6500000000000026,2.85714285714286,1.0000000000000004
8.0,15,0.05,3,0.0,1.0,0.35
8.0,15,0.1,14,0.1888727510357485,1.3107817401056523,0.4587736090369783
8.0,15,0.2,63,0.5547022142015461,2.547931862419512,0.8917761518468293
8.0,15,0.35,80,0.6500000000000036,2.857142857142859,1.0000000000000004
8.0,15,0.5,80,0.6500000000000036,2.857142857142859,1.0000000000000004
8.0,16,0.05,0,0.0,1.0,0.0
8.0,16,0.1,5,0.18282319167779632,1.3282234616034558,1.0
8.0,16,0.2,30,0.3109290874811156,1.7783953219630175,1.0
8.0,16,0.35,80,0.6499999999999988,2.8571428571428594,1.0000000000000004
8.0,16,0.5,80,0.6499999999999988,2.8571428571428594,1.0000000000000004
8.0,17,0.05,43,0.4466098452728478,2.122723894078971,0.7429533629276397
8.0,17,0.1,64,0.5623784558188055,2.6060958024557968,0.912133530859529
8.0,17,0.2,80,0.6499999999999999,2.857142857142859,1.0000000000000004
8.0,17,0.35,80,0.6499999999999999,2.857142857142859,1.0000000000000004
8.0,17,0.5,80,0.6499999999999999,2.857142857142859,1.0000000000000004
8.0,18,0.05,9,0.13883544328691474,1.2458817728017875,0.4360586204806257
8.0,18,0.1,31,0.37412063741286505,1.9722628570798515,0.6902919999779482
8.0,18,0.2,77,0.6376935087941339,2.8250513741524026,0.9887679809533412
8.0,18,0.35,80,0.6500000000000005,2.8571428571428594,1.0000000000000004
8.0,18,0.5,80,0.6500000000000005,2.8571428571428594,1.0000000000000004
8.0,19,0.05,5,0.0,1.0,0.3500000000000001
8.0,19,0.1,17,0.3511754384469752,1.671244416709983,0.584935545848494
8.0,19,0.2,47,0.46635078505031535,2.324873395749325,0.8137056885122637
8.0,19,0.35,80,0.650000000000003,2.85714285714286,1.0000000000000007
8.0,19,0.5,80,0.650000000000003,2.85714285714286,1.0000000000000007
8.0,20,0.05,1,0.0,1.0,0.3500000000000001
8.0,20,0.1,4,0.0,1.0,0.3500000000000001
8.0,20,0.2,23,0.2778396398906342,1.6050007006641058,0.561750245232437
8.0,20,0.35,78,0.6391240036860464,2.8368070532807788,0.9928824686482723
8.0,20,0.5,80,0.6499999999999995,2.8571428571428594,1.0000000000000007
8.0,21,0.05,3,0.0,1.0,0.35
8.0,21,0.1,8,0.12763736980603696,1.2209601879016807,0.4273360657655881
8.0,21,0.2,50,0.4275410900889301,2.1077828494717235,0.7377239973151033
8.0,21,0.35,80,0.6500000000000007,2.8571428571428603,1.0000000000000007
8.0,21,0.5,80,0.6500000000000007,2.8571428571428603,1.0000000000000007
8.0,22,0.05,15,0.25439521919719554,1.4627185809365177,0.5119515033277812
8.0,22,0.1,30,0.40931544437827794,2.022122057517851,0.7077427201312477
8.0,22,0.2,75,0.615178579898762,2.776757359460915,0.9718650758113194
8.0,22,0.35,80,0.6499999999999996,2.8571428571428594,1.0000000000000004
8.0,22,0.5,80,0.6499999999999996,2.8571428571428594,1.0000000000000004
8.0,23,0.05,11,0.26801328516644546,1.696750385547548,0.5938626349416419
8.0,23,0.1,23,0.2906700846616897,1.7571886213004642,0.6150160174551624
8.0,23,0.2,73,0.6065891019793146,2.7407423247845673,0.9592598136745988
8.0,23,0.35,80,0.6500000000000007,2.85714285714286,1.0000000000000004
8.0,23,0.5,80,0.6500000000000007,2.85714285714286,1.0000000000000004
8.0,24,0.05,45,0.43348501166075537,2.1856161187021894,0.764965641545766
8.0,24,0.1,66,0.5470477990327541,2.507907370166694,0.8777675795583428
8.0,24,0.2,80,0.6500000000000017,2.85714285714286,1.0000000000000004
8.0,24,0.35,80,0.6500000000000017,2.85714285714286,1.0000000000000004
8.0,24,0.5,80,0.6500000000000017,2.85714285714286,1.0000000000000004
8.0,25,0.05,7,0.21597961911787378,1.350133240903103,0.4725466343160861
8.0,25,0.1,26,0.30364936379718976,1.7909610008379395,0.6268363502932787
8.0,25,0.2,70,0.5842960383425444,2.6624231590085743,1.0
8.0,25,0.35,80,0.6500000000000008,2.85714285714286,1.0000000000000007
8.0,25,0.5,80,0.6500000000000008,2.85714285714286,1.0000000000000007
8.0,26,0.05,61,0.5510611687141982,2.5673330136134753,0.8985665547647168
8.0,26,0.1,76,0.6298020675446868,2.810713072391091,0.9837495753368817
8.0,26,0.2,80,0.6500000000000008,2.857142857142859,1.0000000000000004
8.0,26,0.35,80,0.6500000000000008,2.857142857142859,1.0000000000000004
8.0,26,0.5,80,0.6500000000000008,2.857142857142859,1.0000000000000004
8.0,27,0.05,12,0.24593254286925637,1.4574129871521286,0.510094545503245
8.0,27,0.1,26,0.29014041801875057,1.772525424574244,0.6203838986009854
8.0,27,0.2,68,0.5759697601254921,2.6560358450180055,0.9296125457563018
8.0,27,0.35,80,0.6500000000000012,2.85714285714286,1.0000000000000004
8.0,27,0.5,80,0.6500000000000012,2.85714285714286,1.0000000000000004
8.0,28,0.05,0,0.0,1.0,0.0
8.0,28,0.1,3,0.0,1.0,0.3500000000000001
8.0,28,0.2,20,0.2465410994896919,1.4706552976536111,0.5147293541787638
8.0,28,0.35,78,0.6306379521916912,2.8127739094881266,0.9844708683208443
8.0,28,0.5,80,0.6500000000000008,2.857142857142859,1.0000000000000004
8.0,29,0.05,5,0.24027929089910496,1.427626348929297,0.4996692221252539
8.0,29,0.1,23,0.31007237325889214,1.793666331830425,0.6277832161406486
8.0,29,0.2,64,0.5590691761558712,2.629507551021735,0.9203276428576072
8.0,29,0.35,80,0.6500000000000025,2.85714285714286,1.0000000000000004
8.0,29,0.5,80,0.6500000000000025,2.85714285714286,1.0000000000000004
8.0,30,0.05,10,0.10303763283198727,1.220605977470926,0.427212092114824
8.0,30,0.1,23,0.18872275135838354,1.3132121694875087,0.45962425932062784
8.0,30,0.2,68,0.5864170959985844,2.6829711597413657,0.939039905909478
8.0,30,0.35,80,0.6499999999999992,2.85714285714286,1.0000000000000004
8.0,30,0.5,80,0.6499999999999992,2.85714285714286,1.0000000000000004
8.0,31,0.05,8,0.35031515010306746,1.6713927039600196,0.5849874463860067
8.0,31,0.1,15,0.3529911511343429,1.7111037063797725,0.5988862972329203
8.0,31,0.2,48,0.44243659052250506,2.0964631805375262,0.7337621131881346
8.0,31,0.35,80,0.6500000000000015,2.8571428571428594,1.0000000000000004
8.0,31,0.5,80,0.6500000000000015,2.8571428571428594,1.0000000000000004
