mean_degree,severity,independent_networks,scenarios,mean_outside_loss_fraction,es95_outside_loss_fraction,es_tail_count,es95_ci_low,es95_ci_high,mean_default_fraction,default_ci_low,default_ci_high,mean_contagion_default_fraction
1.0,0.0,32,256,0.0,0.0,13,0.0,0.0,0.0,0.0,0.0,0.0
1.0,0.05,32,256,0.026444619400077012,0.09606769805326415,13,0.08052072294725152,0.10975040872308979,0.248095703125,0.22470703125000002,0.27158447265625,0.010839843750000001
1.0,0.1,32,256,0.04665299590830445,0.1416048025665013,13,0.12324765190915993,0.15947447572929183,0.396875,0.3689453125,0.42495361328125003,0.02578125
1.0,0.2,32,256,0.1131587951679307,0.25035945045274316,13,0.2278605600303756,0.2704679381242259,0.7403808593749999,0.7148913574218749,0.76494140625,0.06884765625
1.0,0.35,32,256,0.2657902799552052,0.42030826821054385,13,0.3990302688489935,0.4390911442887605,0.978759765625,0.97026123046875,0.9858898925781251,0.030810546875
1.0,0.5,32,256,0.4352989110413054,0.5904802853092586,13,0.5689422309507847,0.6098170867408059,0.99931640625,0.99873046875,0.9998046875,0.0022949218749999997
2.0,0.0,32,256,0.0,0.0,13,0.0,0.0,0.0,0.0,0.0,0.0
2.0,0.05,32,256,0.014467792363799916,0.0640452406062758,13,0.052882312643817576,0.0728650233586174,0.18232421875,0.162596435546875,0.202589111328125,0.0166015625
2.0,0.1,32,256,0.0279709878632279,0.10589689467885989,13,0.09021667505362957,0.11937164668081768,0.324560546875,0.2992138671875,0.3522021484375,0.03984375
2.0,0.2,32,256,0.08247826206355793,0.2180754517590584,13,0.19663222458004953,0.23462554943313915,0.7051269531250001,0.676513671875,0.7360375976562501,0.102587890625
2.0,0.35,32,256,0.23409876719245454,0.395526737534079,13,0.37324587176491686,0.41286863961594833,0.9798828125,0.9696289062500001,0.988525390625,0.048046875
2.0,0.5,32,256,0.4107747283940294,0.5732413620035962,13,0.5518475384668278,0.5893585910671991,0.99970703125,0.99931640625,0.999951171875,0.004052734375
4.0,0.0,32,256,0.0,0.0,13,0.0,0.0,0.0,0.0,0.0,0.0
4.0,0.05,32,256,0.006246708729166515,0.036273115043717746,13,0.027629522763041252,0.04558903978877579,0.150634765625,0.13119995117187502,0.17085449218749996,0.01787109375
4.0,0.1,32,256,0.014508530312730297,0.07532392878314552,13,0.05960946275146959,0.09172093558353091,0.29228515625,0.264453125,0.32075317382812496,0.0470703125
4.0,0.2,32,256,0.05937255219558349,0.190748729867007,13,0.1697725560963174,0.21101996614315277,0.6976074218749999,0.666015625,0.729249267578125,0.12783203125
4.0,0.35,32,256,0.211724644200059,0.3740432710595847,13,0.35235013382683034,0.39651862173244834,0.9822265625,0.970653076171875,0.9913098144531252,0.057226562499999994
4.0,0.5,32,256,0.39354231103274434,0.5573342605845947,13,0.5350954555371618,0.5775673477279932,0.999853515625,0.9996582031250001,1.0,0.004345703125
8.0,0.0,32,256,0.0,0.0,13,0.0,0.0,0.0,0.0,0.0,0.0
8.0,0.05,32,256,0.004242381958240402,0.029546374089363423,13,0.021486055241666135,0.03803642388230662,0.14677734374999998,0.128564453125,0.166944580078125,0.01904296875
8.0,0.1,32,256,0.01130092385712306,0.06830831505278734,13,0.052815426048230925,0.0852708476238188,0.287939453125,0.25971191406250005,0.31768798828124994,0.048486328125
8.0,0.2,32,256,0.053853559615398755,0.1857807326667538,13,0.16462869440613595,0.2061911411975677,0.7059570312500001,0.6736328125,0.7383325195312499,0.14028320312500003
8.0,0.35,32,256,0.20694510641768404,0.37000661149965886,13,0.34966679981423293,0.39007566981842295,0.9844238281250001,0.973388671875,0.993311767578125,0.059912109374999994
8.0,0.5,32,256,0.38979140428582826,0.5542316391882575,13,0.5336582896779685,0.5741153973709306,1.0,1.0,1.0,0.0046875
