n,c,replicate,triangles,squares
500,0.5,0,0,0
500,0.5,1,0,0
500,0.5,2,0,0
500,0.5,3,0,0
500,0.5,4,0,0
500,0.5,5,0,0
500,0.5,6,0,0
500,0.5,7,0,0
500,0.5,8,0,0
500,0.5,9,0,0
500,0.5,10,0,0
500,0.5,11,0,0
500,0.5,12,0,0
500,0.5,13,0,0
500,0.5,14,0,0
500,0.5,15,0,0
500,0.5,16,0,0
500,0.5,17,0,0
500,0.5,18,0,0
500,0.5,19,0,0
500,0.5,20,0,0
500,0.5,21,0,0
500,0.5,22,0,0
500,0.5,23,0,0
500,0.5,24,0,0
500,0.5,25,0,0
500,0.5,26,0,0
500,0.5,27,1,0
500,0.5,28,0,0
500,0.5,29,0,0
500,0.5,30,0,0
500,0.5,31,0,0
500,0.5,32,0,0
500,0.5,33,0,0
500,0.5,34,0,0
500,0.5,35,0,0
500,0.5,36,0,0
500,0.5,37,0,0
500,0.5,38,0,0
500,0.5,39,0,0
500,0.5,40,0,0
500,0.5,41,0,0
500,0.5,42,0,0
500,0.5,43,0,0
500,0.5,44,0,0
500,0.5,45,0,0
500,0.5,46,0,0
500,0.5,47,0,0
500,0.5,48,0,0
500,0.5,49,0,0
500,0.5,50,0,0
500,0.5,51,0,0
500,0.5,52,0,0
500,0.5,53,0,0
500,0.5,54,0,0
500,0.5,55,0,0
500,0.5,56,0,0
500,0.5,57,0,0
500,0.5,58,0,0
500,0.5,59,0,0
500,0.5,60,0,0
500,0.5,61,0,0
500,0.5,62,0,0
500,0.5,63,0,0
500,0.5,64,0,0
500,0.5,65,0,0
500,0.5,66,0,0
500,0.5,67,0,0
500,0.5,68,0,0
500,0.5,69,0,0
500,0.5,70,0,0
500,0.5,71,0,0
500,0.5,72,0,0
500,0.5,73,0,0
500,0.5,74,0,0
500,0.5,75,0,0
500,0.5,76,0,1
500,0.5,77,0,0
500,0.5,78,0,0
500,0.5,79,0,0
500,0.5,80,0,0
500,0.5,81,0,0
500,0.5,82,0,0
500,0.5,83,0,0
500,0.5,84,0,0
500,0.5,85,0,0
500,0.5,86,0,0
500,0.5,87,0,0
500,0.5,88,0,0
500,0.5,89,0,0
500,0.5,90,0,0
500,0.5,91,0,0
500,0.5,92,0,0
500,0.5,93,0,0
500,0.5,94,0,0
500,0.5,95,0,0
500,0.5,96,0,0
500,0.5,97,0,0
500,0.5,98,0,0
500,0.5,99,0,0
500,0.5,100,0,0
500,0.5,101,0,0
500,0.5,102,0,0
500,0.5,103,0,0
500,0.5,104,0,0
500,0.5,105,0,0
500,0.5,106,0,0
500,0.5,107,0,0
500,0.5,108,0,0
500,0.5,109,0,0
500,0.5,110,0,0
500,0.5,111,0,0
500,0.5,112,0,0
500,0.5,113,0,0
500,0.5,114,0,0
500,0.5,115,0,0
500,0.5,116,0,0
500,0.5,117,0,0
500,0.5,118,0,0
500,0.5,119,0,0
500,0.5,120,0,0
500,0.5,121,0,0
500,0.5,122,0,0
500,0.5,123,0,0
500,0.5,124,0,0
500,0.5,125,0,0
500,0.5,126,0,0
500,0.5,127,0,0
500,0.5,128,0,0
500,0.5,129,0,0
500,0.5,130,0,0
500,0.5,131,0,0
500,0.5,132,0,0
500,0.5,133,0,0
500,0.5,134,0,0
500,0.5,135,0,0
500,0.5,136,0,0
500,0.5,137,0,0
500,0.5,138,0,0
500,0.5,139,0,0
500,0.5,140,0,0
500,0.5,141,0,0
500,0.5,142,0,0
500,0.5,143,0,0
500,0.5,144,0,0
500,0.5,145,0,0
500,0.5,146,0,0
500,0.5,147,0,0
500,0.5,148,0,0
500,0.5,149,0,0
500,0.5,150,0,0
500,0.5,151,0,0
500,0.5,152,1,0
500,0.5,153,0,0
500,0.5,154,0,0
500,0.5,155,0,0
500,0.5,156,0,0
500,0.5,157,0,0
500,0.5,158,0,0
500,0.5,159,0,0
500,0.5,160,0,0
500,0.5,161,0,0
500,0.5,162,0,0
500,0.5,163,0,0
500,0.5,164,0,0
500,0.5,165,0,0
500,0.5,166,0,0
500,0.5,167,0,0
500,0.5,168,0,0
500,0.5,169,0,0
500,0.5,170,0,0
500,0.5,171,0,0
500,0.5,172,0,0
500,0.5,173,1,0
500,0.5,174,0,0
500,0.5,175,0,0
500,0.5,176,0,0
500,0.5,177,0,0
500,0.5,178,0,0
500,0.5,179,0,0
500,0.5,180,0,0
500,0.5,181,0,0
500,0.5,182,0,0
500,0.5,183,0,0
500,0.5,184,0,0
500,0.5,185,0,0
500,0.5,186,0,0
500,0.5,187,0,0
500,0.5,188,0,0
500,0.5,189,0,0
500,0.5,190,0,0
500,0.5,191,0,0
500,0.5,192,0,0
500,0.5,193,0,0
500,0.5,194,0,0
500,0.5,195,0,0
500,0.5,196,0,0
500,0.5,197,0,0
500,0.5,198,0,0
500,0.5,199,0,0
500,0.5,200,0,0
500,0.5,201,0,0
500,0.5,202,0,0
500,0.5,203,0,0
500,0.5,204,0,0
500,0.5,205,0,0
500,0.5,206,0,0
500,0.5,207,0,0
500,0.5,208,0,0
500,0.5,209,0,0
500,0.5,210,1,0
500,0.5,211,0,0
500,0.5,212,0,0
500,0.5,213,0,0
500,0.5,214,0,0
500,0.5,215,0,0
500,0.5,216,0,0
500,0.5,217,0,0
500,0.5,218,0,0
500,0.5,219,0,0
500,0.5,220,0,0
500,0.5,221,0,0
500,0.5,222,0,0
500,0.5,223,0,0
500,0.5,224,0,0
500,0.5,225,0,0
500,0.5,226,0,0
500,0.5,227,0,0
500,0.5,228,0,0
500,0.5,229,0,0
500,0.5,230,0,0
500,0.5,231,0,0
500,0.5,232,0,0
500,0.5,233,0,0
500,0.5,234,0,0
500,0.5,235,0,0
500,0.5,236,0,0
500,0.5,237,0,0
500,0.5,238,0,0
500,0.5,239,0,0
500,0.5,240,0,0
500,0.5,241,0,0
500,0.5,242,0,0
500,0.5,243,0,0
500,0.5,244,0,0
500,0.5,245,0,0
500,0.5,246,0,0
500,0.5,247,0,0
500,0.5,248,0,0
500,0.5,249,0,0
500,0.5,250,0,0
500,0.5,251,0,0
500,0.5,252,0,0
500,0.5,253,0,0
500,0.5,254,0,0
500,0.5,255,0,0
500,0.5,256,0,0
500,0.5,257,0,0
500,0.5,258,0,0
500,0.5,259,0,0
500,0.5,260,0,0
500,0.5,261,0,0
500,0.5,262,0,0
500,0.5,263,0,0
500,0.5,264,0,0
500,0.5,265,0,0
500,0.5,266,0,0
500,0.5,267,0,0
500,0.5,268,0,0
500,0.5,269,0,0
500,0.5,270,0,0
500,0.5,271,0,0
500,0.5,272,0,0
500,0.5,273,0,0
500,0.5,274,0,0
500,0.5,275,0,0
500,0.5,276,0,1
500,0.5,277,0,0
500,0.5,278,0,0
500,0.5,279,0,0
500,0.5,280,0,0
500,0.5,281,0,0
500,0.5,282,0,0
500,0.5,283,0,0
500,0.5,284,0,0
500,0.5,285,0,0
500,0.5,286,0,0
500,0.5,287,0,0
500,0.5,288,0,0
500,0.5,289,0,0
500,0.5,290,0,0
500,0.5,291,0,0
500,0.5,292,0,0
500,0.5,293,0,0
500,0.5,294,0,0
500,0.5,295,0,0
500,0.5,296,0,0
500,0.5,297,0,0
500,0.5,298,0,0
500,0.5,299,0,0
500,1.0,0,0,0
500,1.0,1,0,0
500,1.0,2,0,0
500,1.0,3,0,0
500,1.0,4,0,0
500,1.0,5,0,0
500,1.0,6,0,0
500,1.0,7,0,0
500,1.0,8,1,0
500,1.0,9,0,0
500,1.0,10,0,0
500,1.0,11,0,0
500,1.0,12,0,0
500,1.0,13,0,0
500,1.0,14,0,1
500,1.0,15,1,0
500,1.0,16,0,0
500,1.0,17,0,0
500,1.0,18,0,0
500,1.0,19,0,1
500,1.0,20,0,0
500,1.0,21,0,0
500,1.0,22,0,0
500,1.0,23,1,0
500,1.0,24,0,0
500,1.0,25,0,2
500,1.0,26,0,0
500,1.0,27,0,0
500,1.0,28,0,0
500,1.0,29,0,0
500,1.0,30,0,0
500,1.0,31,1,0
500,1.0,32,0,0
500,1.0,33,0,1
500,1.0,34,0,1
500,1.0,35,0,0
500,1.0,36,0,1
500,1.0,37,0,0
500,1.0,38,0,0
500,1.0,39,0,0
500,1.0,40,0,0
500,1.0,41,0,0
500,1.0,42,0,0
500,1.0,43,0,0
500,1.0,44,0,0
500,1.0,45,0,0
500,1.0,46,0,0
500,1.0,47,0,1
500,1.0,48,1,0
500,1.0,49,0,0
500,1.0,50,0,0
500,1.0,51,0,0
500,1.0,52,0,0
500,1.0,53,0,0
500,1.0,54,0,0
500,1.0,55,0,0
500,1.0,56,0,0
500,1.0,57,0,1
500,1.0,58,0,0
500,1.0,59,0,0
500,1.0,60,0,1
500,1.0,61,0,0
500,1.0,62,0,0
500,1.0,63,0,1
500,1.0,64,0,0
500,1.0,65,0,0
500,1.0,66,0,0
500,1.0,67,0,0
500,1.0,68,1,1
500,1.0,69,0,0
500,1.0,70,0,0
500,1.0,71,1,0
500,1.0,72,0,0
500,1.0,73,0,0
500,1.0,74,2,0
500,1.0,75,0,0
500,1.0,76,1,0
500,1.0,77,1,0
500,1.0,78,0,0
500,1.0,79,0,0
500,1.0,80,0,0
500,1.0,81,0,0
500,1.0,82,0,0
500,1.0,83,0,0
500,1.0,84,0,0
500,1.0,85,0,0
500,1.0,86,0,0
500,1.0,87,0,0
500,1.0,88,0,0
500,1.0,89,0,1
500,1.0,90,0,0
500,1.0,91,1,0
500,1.0,92,0,0
500,1.0,93,2,0
500,1.0,94,0,0
500,1.0,95,0,0
500,1.0,96,0,0
500,1.0,97,0,0
500,1.0,98,0,0
500,1.0,99,0,0
500,1.0,100,0,0
500,1.0,101,0,0
500,1.0,102,0,0
500,1.0,103,0,1
500,1.0,104,0,0
500,1.0,105,0,1
500,1.0,106,0,2
500,1.0,107,0,0
500,1.0,108,0,0
500,1.0,109,0,1
500,1.0,110,0,0
500,1.0,111,1,0
500,1.0,112,0,0
500,1.0,113,0,0
500,1.0,114,0,0
500,1.0,115,0,0
500,1.0,116,0,0
500,1.0,117,0,0
500,1.0,118,0,0
500,1.0,119,0,0
500,1.0,120,0,0
500,1.0,121,0,0
500,1.0,122,0,1
500,1.0,123,1,0
500,1.0,124,0,0
500,1.0,125,0,0
500,1.0,126,0,1
500,1.0,127,0,0
500,1.0,128,1,1
500,1.0,129,0,0
500,1.0,130,0,0
500,1.0,131,1,0
500,1.0,132,0,0
500,1.0,133,0,0
500,1.0,134,0,1
500,1.0,135,0,0
500,1.0,136,0,0
500,1.0,137,0,2
500,1.0,138,0,0
500,1.0,139,0,0
500,1.0,140,0,0
500,1.0,141,1,0
500,1.0,142,1,0
500,1.0,143,0,0
500,1.0,144,1,1
500,1.0,145,0,0
500,1.0,146,0,0
500,1.0,147,1,0
500,1.0,148,0,0
500,1.0,149,1,0
500,1.0,150,0,1
500,1.0,151,0,0
500,1.0,152,0,0
500,1.0,153,1,0
500,1.0,154,0,0
500,1.0,155,0,0
500,1.0,156,0,0
500,1.0,157,0,0
500,1.0,158,0,2
500,1.0,159,1,0
500,1.0,160,0,0
500,1.0,161,1,0
500,1.0,162,1,1
500,1.0,163,0,0
500,1.0,164,0,0
500,1.0,165,0,0
500,1.0,166,0,0
500,1.0,167,0,1
500,1.0,168,0,0
500,1.0,169,0,0
500,1.0,170,0,0
500,1.0,171,0,0
500,1.0,172,0,1
500,1.0,173,1,0
500,1.0,174,0,0
500,1.0,175,0,0
500,1.0,176,0,0
500,1.0,177,0,0
500,1.0,178,1,0
500,1.0,179,0,0
500,1.0,180,0,0
500,1.0,181,0,0
500,1.0,182,0,1
500,1.0,183,0,0
500,1.0,184,1,0
500,1.0,185,0,0
500,1.0,186,0,0
500,1.0,187,0,0
500,1.0,188,0,0
500,1.0,189,0,1
500,1.0,190,0,0
500,1.0,191,1,1
500,1.0,192,0,0
500,1.0,193,0,0
500,1.0,194,1,0
500,1.0,195,0,0
500,1.0,196,0,0
500,1.0,197,0,0
500,1.0,198,0,0
500,1.0,199,0,0
500,1.0,200,1,0
500,1.0,201,0,1
500,1.0,202,0,1
500,1.0,203,0,0
500,1.0,204,0,0
500,1.0,205,0,0
500,1.0,206,0,0
500,1.0,207,0,0
500,1.0,208,1,0
500,1.0,209,0,0
500,1.0,210,0,0
500,1.0,211,0,0
500,1.0,212,0,0
500,1.0,213,2,0
500,1.0,214,0,0
500,1.0,215,0,0
500,1.0,216,0,1
500,1.0,217,0,1
500,1.0,218,1,0
500,1.0,219,0,0
500,1.0,220,0,0
500,1.0,221,0,0
500,1.0,222,0,0
500,1.0,223,0,0
500,1.0,224,0,0
500,1.0,225,0,1
500,1.0,226,0,0
500,1.0,227,0,0
500,1.0,228,0,1
500,1.0,229,0,0
500,1.0,230,0,0
500,1.0,231,0,0
500,1.0,232,0,0
500,1.0,233,0,0
500,1.0,234,0,0
500,1.0,235,0,0
500,1.0,236,0,0
500,1.0,237,0,0
500,1.0,238,0,0
500,1.0,239,0,0
500,1.0,240,0,0
500,1.0,241,0,0
500,1.0,242,0,0
500,1.0,243,0,0
500,1.0,244,0,0
500,1.0,245,0,0
500,1.0,246,0,1
500,1.0,247,0,0
500,1.0,248,0,0
500,1.0,249,0,0
500,1.0,250,0,0
500,1.0,251,0,0
500,1.0,252,0,0
500,1.0,253,0,0
500,1.0,254,0,0
500,1.0,255,0,0
500,1.0,256,1,0
500,1.0,257,0,0
500,1.0,258,0,0
500,1.0,259,0,0
500,1.0,260,0,0
500,1.0,261,0,0
500,1.0,262,0,0
500,1.0,263,0,0
500,1.0,264,0,0
500,1.0,265,0,0
500,1.0,266,0,1
500,1.0,267,0,0
500,1.0,268,0,0
500,1.0,269,0,0
500,1.0,270,0,0
500,1.0,271,0,0
500,1.0,272,0,0
500,1.0,273,0,0
500,1.0,274,0,0
500,1.0,275,0,0
500,1.0,276,0,0
500,1.0,277,0,0
500,1.0,278,0,0
500,1.0,279,0,0
500,1.0,280,0,0
500,1.0,281,0,0
500,1.0,282,0,1
500,1.0,283,0,0
500,1.0,284,0,1
500,1.0,285,0,0
500,1.0,286,0,1
500,1.0,287,1,0
500,1.0,288,0,0
500,1.0,289,0,0
500,1.0,290,0,0
500,1.0,291,0,0
500,1.0,292,0,0
500,1.0,293,0,0
500,1.0,294,0,0
500,1.0,295,0,0
500,1.0,296,0,0
500,1.0,297,0,0
500,1.0,298,0,0
500,1.0,299,0,0
500,1.5,0,2,2
500,1.5,1,2,0
500,1.5,2,0,2
500,1.5,3,1,0
500,1.5,4,2,1
500,1.5,5,0,0
500,1.5,6,2,0
500,1.5,7,1,0
500,1.5,8,0,2
500,1.5,9,1,1
500,1.5,10,0,1
500,1.5,11,0,0
500,1.5,12,0,0
500,1.5,13,0,0
500,1.5,14,0,1
500,1.5,15,2,1
500,1.5,16,0,0
500,1.5,17,0,1
500,1.5,18,0,0
500,1.5,19,0,0
500,1.5,20,0,2
500,1.5,21,0,2
500,1.5,22,1,2
500,1.5,23,0,0
500,1.5,24,0,0
500,1.5,25,1,0
500,1.5,26,0,0
500,1.5,27,1,0
500,1.5,28,2,2
500,1.5,29,2,0
500,1.5,30,0,1
500,1.5,31,0,1
500,1.5,32,2,0
500,1.5,33,1,0
500,1.5,34,1,0
500,1.5,35,0,1
500,1.5,36,0,0
500,1.5,37,0,1
500,1.5,38,1,1
500,1.5,39,1,1
500,1.5,40,2,0
500,1.5,41,0,1
500,1.5,42,0,0
500,1.5,43,0,0
500,1.5,44,1,0
500,1.5,45,1,1
500,1.5,46,0,2
500,1.5,47,0,1
500,1.5,48,0,1
500,1.5,49,0,1
500,1.5,50,0,1
500,1.5,51,1,1
500,1.5,52,0,1
500,1.5,53,1,0
500,1.5,54,2,0
500,1.5,55,2,0
500,1.5,56,0,0
500,1.5,57,0,0
500,1.5,58,1,0
500,1.5,59,0,0
500,1.5,60,0,0
500,1.5,61,0,0
500,1.5,62,1,2
500,1.5,63,1,2
500,1.5,64,0,1
500,1.5,65,1,0
500,1.5,66,2,1
500,1.5,67,1,1
500,1.5,68,1,1
500,1.5,69,0,4
500,1.5,70,0,1
500,1.5,71,1,2
500,1.5,72,0,0
500,1.5,73,0,0
500,1.5,74,0,0
500,1.5,75,0,0
500,1.5,76,0,1
500,1.5,77,1,1
500,1.5,78,0,0
500,1.5,79,0,1
500,1.5,80,1,1
500,1.5,81,2,0
500,1.5,82,1,2
500,1.5,83,0,2
500,1.5,84,1,0
500,1.5,85,0,1
500,1.5,86,0,0
500,1.5,87,2,1
500,1.5,88,0,0
500,1.5,89,1,0
500,1.5,90,1,0
500,1.5,91,1,0
500,1.5,92,0,0
500,1.5,93,0,0
500,1.5,94,0,1
500,1.5,95,0,1
500,1.5,96,2,1
500,1.5,97,0,1
500,1.5,98,0,1
500,1.5,99,2,0
500,1.5,100,0,0
500,1.5,101,1,2
500,1.5,102,0,1
500,1.5,103,0,0
500,1.5,104,0,0
500,1.5,105,0,0
500,1.5,106,2,1
500,1.5,107,0,1
500,1.5,108,1,0
500,1.5,109,1,1
500,1.5,110,0,0
500,1.5,111,0,1
500,1.5,112,0,0
500,1.5,113,1,0
500,1.5,114,2,0
500,1.5,115,0,1
500,1.5,116,1,1
500,1.5,117,0,0
500,1.5,118,0,0
500,1.5,119,0,0
500,1.5,120,1,0
500,1.5,121,1,0
500,1.5,122,1,0
500,1.5,123,1,0
500,1.5,124,0,1
500,1.5,125,0,0
500,1.5,126,1,0
500,1.5,127,2,0
500,1.5,128,0,0
500,1.5,129,1,0
500,1.5,130,0,0
500,1.5,131,0,0
500,1.5,132,2,1
500,1.5,133,0,0
500,1.5,134,0,1
500,1.5,135,0,0
500,1.5,136,0,0
500,1.5,137,1,0
500,1.5,138,0,0
500,1.5,139,0,0
500,1.5,140,1,1
500,1.5,141,1,0
500,1.5,142,1,2
500,1.5,143,0,1
500,1.5,144,0,0
500,1.5,145,0,0
500,1.5,146,0,0
500,1.5,147,0,0
500,1.5,148,0,0
500,1.5,149,1,0
500,1.5,150,1,2
500,1.5,151,2,0
500,1.5,152,1,1
500,1.5,153,0,2
500,1.5,154,0,0
500,1.5,155,1,1
500,1.5,156,0,1
500,1.5,157,0,0
500,1.5,158,0,1
500,1.5,159,0,0
500,1.5,160,2,1
500,1.5,161,0,0
500,1.5,162,1,0
500,1.5,163,0,0
500,1.5,164,0,0
500,1.5,165,1,0
500,1.5,166,0,1
500,1.5,167,0,0
500,1.5,168,0,0
500,1.5,169,1,0
500,1.5,170,0,1
500,1.5,171,0,2
500,1.5,172,0,0
500,1.5,173,2,3
500,1.5,174,0,0
500,1.5,175,0,0
500,1.5,176,0,1
500,1.5,177,2,0
500,1.5,178,0,0
500,1.5,179,3,2
500,1.5,180,1,0
500,1.5,181,0,2
500,1.5,182,0,2
500,1.5,183,1,0
500,1.5,184,0,0
500,1.5,185,0,1
500,1.5,186,0,2
500,1.5,187,1,1
500,1.5,188,0,0
500,1.5,189,1,2
500,1.5,190,0,0
500,1.5,191,0,1
500,1.5,192,0,0
500,1.5,193,1,1
500,1.5,194,0,0
500,1.5,195,0,0
500,1.5,196,0,0
500,1.5,197,1,1
500,1.5,198,2,1
500,1.5,199,0,3
500,1.5,200,1,0
500,1.5,201,0,0
500,1.5,202,1,1
500,1.5,203,1,2
500,1.5,204,0,0
500,1.5,205,0,1
500,1.5,206,0,0
500,1.5,207,0,0
500,1.5,208,4,1
500,1.5,209,0,0
500,1.5,210,1,2
500,1.5,211,0,0
500,1.5,212,2,0
500,1.5,213,1,0
500,1.5,214,0,3
500,1.5,215,0,1
500,1.5,216,1,0
500,1.5,217,0,0
500,1.5,218,0,0
500,1.5,219,1,0
500,1.5,220,1,1
500,1.5,221,1,0
500,1.5,222,1,0
500,1.5,223,0,0
500,1.5,224,2,1
500,1.5,225,0,2
500,1.5,226,1,0
500,1.5,227,2,2
500,1.5,228,0,0
500,1.5,229,0,1
500,1.5,230,0,1
500,1.5,231,2,0
500,1.5,232,2,2
500,1.5,233,0,2
500,1.5,234,0,1
500,1.5,235,2,1
500,1.5,236,1,1
500,1.5,237,0,1
500,1.5,238,2,2
500,1.5,239,0,0
500,1.5,240,3,0
500,1.5,241,1,0
500,1.5,242,2,0
500,1.5,243,0,2
500,1.5,244,2,0
500,1.5,245,0,2
500,1.5,246,0,1
500,1.5,247,2,1
500,1.5,248,3,1
500,1.5,249,0,2
500,1.5,250,0,0
500,1.5,251,0,1
500,1.5,252,0,0
500,1.5,253,0,1
500,1.5,254,1,1
500,1.5,255,2,1
500,1.5,256,1,1
500,1.5,257,0,0
500,1.5,258,2,2
500,1.5,259,1,0
500,1.5,260,0,2
500,1.5,261,0,1
500,1.5,262,0,0
500,1.5,263,1,0
500,1.5,264,1,1
500,1.5,265,0,1
500,1.5,266,1,0
500,1.5,267,1,0
500,1.5,268,1,1
500,1.5,269,1,0
500,1.5,270,0,1
500,1.5,271,0,1
500,1.5,272,1,1
500,1.5,273,1,0
500,1.5,274,0,1
500,1.5,275,1,1
500,1.5,276,0,0
500,1.5,277,1,0
500,1.5,278,1,1
500,1.5,279,0,0
500,1.5,280,0,0
500,1.5,281,0,1
500,1.5,282,1,0
500,1.5,283,1,0
500,1.5,284,1,2
500,1.5,285,0,1
500,1.5,286,0,1
500,1.5,287,1,1
500,1.5,288,1,2
500,1.5,289,0,0
500,1.5,290,0,2
500,1.5,291,1,0
500,1.5,292,1,1
500,1.5,293,0,0
500,1.5,294,0,1
500,1.5,295,1,1
500,1.5,296,0,0
500,1.5,297,0,0
500,1.5,298,0,2
500,1.5,299,1,1
500,2.0,0,3,3
500,2.0,1,3,1
500,2.0,2,3,4
500,2.0,3,1,1
500,2.0,4,2,1
500,2.0,5,1,4
500,2.0,6,0,1
500,2.0,7,1,0
500,2.0,8,1,5
500,2.0,9,1,0
500,2.0,10,2,2
500,2.0,11,4,2
500,2.0,12,3,1
500,2.0,13,0,4
500,2.0,14,1,1
500,2.0,15,2,0
500,2.0,16,2,4
500,2.0,17,1,2
500,2.0,18,4,3
500,2.0,19,1,2
500,2.0,20,0,3
500,2.0,21,2,3
500,2.0,22,2,2
500,2.0,23,1,2
500,2.0,24,2,0
500,2.0,25,2,0
500,2.0,26,3,0
500,2.0,27,2,0
500,2.0,28,2,2
500,2.0,29,2,1
500,2.0,30,0,1
500,2.0,31,4,1
500,2.0,32,1,1
500,2.0,33,2,4
500,2.0,34,1,3
500,2.0,35,2,5
500,2.0,36,1,0
500,2.0,37,2,2
500,2.0,38,1,1
500,2.0,39,2,3
500,2.0,40,3,1
500,2.0,41,0,0
500,2.0,42,1,1
500,2.0,43,1,4
500,2.0,44,1,4
500,2.0,45,1,2
500,2.0,46,2,0
500,2.0,47,1,1
500,2.0,48,0,2
500,2.0,49,3,3
500,2.0,50,4,1
500,2.0,51,1,3
500,2.0,52,1,0
500,2.0,53,4,5
500,2.0,54,3,3
500,2.0,55,1,1
500,2.0,56,2,2
500,2.0,57,3,0
500,2.0,58,2,3
500,2.0,59,1,2
500,2.0,60,2,0
500,2.0,61,2,1
500,2.0,62,1,4
500,2.0,63,0,4
500,2.0,64,0,1
500,2.0,65,2,3
500,2.0,66,1,2
500,2.0,67,2,2
500,2.0,68,1,1
500,2.0,69,0,2
500,2.0,70,1,3
500,2.0,71,2,2
500,2.0,72,1,2
500,2.0,73,2,0
500,2.0,74,0,2
500,2.0,75,1,2
500,2.0,76,2,0
500,2.0,77,1,1
500,2.0,78,0,3
500,2.0,79,3,1
500,2.0,80,1,1
500,2.0,81,1,3
500,2.0,82,3,3
500,2.0,83,3,2
500,2.0,84,1,1
500,2.0,85,3,1
500,2.0,86,2,1
500,2.0,87,3,1
500,2.0,88,1,1
500,2.0,89,2,0
500,2.0,90,1,2
500,2.0,91,2,2
500,2.0,92,3,2
500,2.0,93,1,1
500,2.0,94,1,3
500,2.0,95,3,1
500,2.0,96,1,0
500,2.0,97,3,2
500,2.0,98,3,4
500,2.0,99,2,4
500,2.0,100,1,1
500,2.0,101,2,5
500,2.0,102,0,1
500,2.0,103,1,2
500,2.0,104,1,1
500,2.0,105,2,2
500,2.0,106,1,3
500,2.0,107,1,1
500,2.0,108,1,0
500,2.0,109,0,3
500,2.0,110,0,4
500,2.0,111,0,1
500,2.0,112,2,3
500,2.0,113,4,3
500,2.0,114,0,4
500,2.0,115,0,0
500,2.0,116,2,2
500,2.0,117,0,2
500,2.0,118,0,1
500,2.0,119,0,0
500,2.0,120,0,3
500,2.0,121,2,2
500,2.0,122,2,3
500,2.0,123,3,0
500,2.0,124,2,0
500,2.0,125,1,3
500,2.0,126,2,1
500,2.0,127,3,1
500,2.0,128,1,2
500,2.0,129,1,0
500,2.0,130,2,4
500,2.0,131,0,0
500,2.0,132,1,1
500,2.0,133,2,5
500,2.0,134,0,2
500,2.0,135,3,6
500,2.0,136,0,6
500,2.0,137,2,2
500,2.0,138,6,1
500,2.0,139,2,2
500,2.0,140,3,5
500,2.0,141,1,1
500,2.0,142,1,1
500,2.0,143,0,1
500,2.0,144,0,2
500,2.0,145,1,2
500,2.0,146,3,1
500,2.0,147,1,1
500,2.0,148,1,1
500,2.0,149,1,0
500,2.0,150,2,4
500,2.0,151,2,3
500,2.0,152,1,4
500,2.0,153,1,0
500,2.0,154,1,2
500,2.0,155,1,4
500,2.0,156,2,1
500,2.0,157,1,2
500,2.0,158,2,1
500,2.0,159,3,1
500,2.0,160,2,2
500,2.0,161,2,1
500,2.0,162,4,0
500,2.0,163,1,1
500,2.0,164,2,0
500,2.0,165,0,1
500,2.0,166,1,2
500,2.0,167,0,3
500,2.0,168,2,2
500,2.0,169,1,0
500,2.0,170,0,0
500,2.0,171,0,2
500,2.0,172,0,2
500,2.0,173,0,3
500,2.0,174,0,2
500,2.0,175,0,0
500,2.0,176,3,4
500,2.0,177,0,2
500,2.0,178,1,3
500,2.0,179,1,2
500,2.0,180,3,4
500,2.0,181,2,3
500,2.0,182,2,2
500,2.0,183,3,0
500,2.0,184,0,2
500,2.0,185,4,2
500,2.0,186,4,2
500,2.0,187,0,2
500,2.0,188,0,7
500,2.0,189,1,1
500,2.0,190,1,3
500,2.0,191,1,0
500,2.0,192,3,1
500,2.0,193,2,1
500,2.0,194,2,2
500,2.0,195,0,3
500,2.0,196,3,2
500,2.0,197,1,2
500,2.0,198,0,1
500,2.0,199,1,2
500,2.0,200,1,2
500,2.0,201,0,1
500,2.0,202,0,2
500,2.0,203,3,1
500,2.0,204,2,7
500,2.0,205,2,7
500,2.0,206,3,1
500,2.0,207,1,6
500,2.0,208,1,4
500,2.0,209,1,2
500,2.0,210,3,5
500,2.0,211,2,1
500,2.0,212,3,2
500,2.0,213,3,0
500,2.0,214,1,2
500,2.0,215,2,3
500,2.0,216,1,2
500,2.0,217,1,3
500,2.0,218,0,2
500,2.0,219,2,2
500,2.0,220,0,0
500,2.0,221,1,1
500,2.0,222,1,3
500,2.0,223,1,5
500,2.0,224,1,2
500,2.0,225,3,3
500,2.0,226,1,1
500,2.0,227,0,4
500,2.0,228,3,2
500,2.0,229,1,1
500,2.0,230,2,6
500,2.0,231,0,1
500,2.0,232,0,2
500,2.0,233,1,0
500,2.0,234,3,1
500,2.0,235,1,2
500,2.0,236,0,1
500,2.0,237,1,0
500,2.0,238,2,1
500,2.0,239,1,8
500,2.0,240,1,3
500,2.0,241,1,1
500,2.0,242,0,1
500,2.0,243,1,2
500,2.0,244,0,0
500,2.0,245,3,5
500,2.0,246,0,0
500,2.0,247,1,4
500,2.0,248,0,4
500,2.0,249,1,3
500,2.0,250,0,1
500,2.0,251,0,2
500,2.0,252,4,1
500,2.0,253,2,3
500,2.0,254,5,5
500,2.0,255,0,1
500,2.0,256,3,5
500,2.0,257,0,2
500,2.0,258,0,3
500,2.0,259,2,3
500,2.0,260,1,1
500,2.0,261,3,0
500,2.0,262,2,1
500,2.0,263,1,6
500,2.0,264,2,3
500,2.0,265,2,3
500,2.0,266,0,2
500,2.0,267,1,4
500,2.0,268,2,2
500,2.0,269,2,4
500,2.0,270,0,4
500,2.0,271,2,3
500,2.0,272,1,0
500,2.0,273,3,2
500,2.0,274,0,3
500,2.0,275,3,2
500,2.0,276,2,2
500,2.0,277,2,1
500,2.0,278,0,1
500,2.0,279,1,2
500,2.0,280,4,2
500,2.0,281,1,2
500,2.0,282,0,2
500,2.0,283,2,0
500,2.0,284,1,3
500,2.0,285,0,1
500,2.0,286,2,2
500,2.0,287,2,3
500,2.0,288,0,1
500,2.0,289,1,1
500,2.0,290,1,3
500,2.0,291,1,5
500,2.0,292,1,2
500,2.0,293,2,0
500,2.0,294,2,0
500,2.0,295,0,0
500,2.0,296,1,1
500,2.0,297,1,5
500,2.0,298,1,0
500,2.0,299,1,0
500,2.5,0,0,3
500,2.5,1,4,4
500,2.5,2,2,2
500,2.5,3,3,6
500,2.5,4,4,3
500,2.5,5,4,5
500,2.5,6,2,5
500,2.5,7,0,7
500,2.5,8,2,6
500,2.5,9,2,4
500,2.5,10,1,3
500,2.5,11,2,4
500,2.5,12,0,3
500,2.5,13,2,4
500,2.5,14,1,5
500,2.5,15,1,6
500,2.5,16,1,2
500,2.5,17,2,3
500,2.5,18,2,3
500,2.5,19,5,3
500,2.5,20,3,2
500,2.5,21,4,6
500,2.5,22,2,4
500,2.5,23,2,4
500,2.5,24,4,5
500,2.5,25,2,9
500,2.5,26,4,6
500,2.5,27,2,8
500,2.5,28,5,5
500,2.5,29,2,3
500,2.5,30,3,14
500,2.5,31,4,7
500,2.5,32,4,7
500,2.5,33,4,2
500,2.5,34,6,3
500,2.5,35,1,4
500,2.5,36,0,4
500,2.5,37,3,3
500,2.5,38,1,2
500,2.5,39,4,3
500,2.5,40,2,3
500,2.5,41,0,6
500,2.5,42,5,5
500,2.5,43,4,7
500,2.5,44,3,4
500,2.5,45,2,4
500,2.5,46,0,3
500,2.5,47,4,2
500,2.5,48,1,4
500,2.5,49,7,3
500,2.5,50,0,7
500,2.5,51,3,1
500,2.5,52,0,3
500,2.5,53,4,5
500,2.5,54,4,5
500,2.5,55,0,6
500,2.5,56,4,5
500,2.5,57,3,9
500,2.5,58,2,3
500,2.5,59,4,3
500,2.5,60,3,8
500,2.5,61,3,5
500,2.5,62,2,7
500,2.5,63,1,6
500,2.5,64,2,7
500,2.5,65,2,7
500,2.5,66,3,7
500,2.5,67,4,4
500,2.5,68,1,1
500,2.5,69,2,3
500,2.5,70,3,5
500,2.5,71,7,6
500,2.5,72,2,3
500,2.5,73,3,5
500,2.5,74,2,6
500,2.5,75,2,3
500,2.5,76,3,3
500,2.5,77,1,2
500,2.5,78,3,5
500,2.5,79,0,9
500,2.5,80,3,4
500,2.5,81,2,3
500,2.5,82,1,5
500,2.5,83,4,4
500,2.5,84,1,5
500,2.5,85,3,4
500,2.5,86,3,3
500,2.5,87,3,1
500,2.5,88,1,5
500,2.5,89,1,5
500,2.5,90,3,10
500,2.5,91,4,5
500,2.5,92,3,7
500,2.5,93,3,5
500,2.5,94,6,3
500,2.5,95,2,8
500,2.5,96,4,3
500,2.5,97,1,5
500,2.5,98,2,3
500,2.5,99,2,10
500,2.5,100,3,6
500,2.5,101,6,5
500,2.5,102,3,5
500,2.5,103,4,8
500,2.5,104,1,3
500,2.5,105,4,5
500,2.5,106,2,6
500,2.5,107,2,1
500,2.5,108,1,5
500,2.5,109,5,2
500,2.5,110,3,3
500,2.5,111,3,9
500,2.5,112,2,3
500,2.5,113,3,2
500,2.5,114,1,6
500,2.5,115,2,4
500,2.5,116,3,8
500,2.5,117,1,8
500,2.5,118,0,4
500,2.5,119,3,6
500,2.5,120,2,2
500,2.5,121,2,2
500,2.5,122,4,4
500,2.5,123,2,4
500,2.5,124,2,2
500,2.5,125,2,4
500,2.5,126,3,6
500,2.5,127,3,7
500,2.5,128,6,9
500,2.5,129,4,3
500,2.5,130,6,7
500,2.5,131,1,6
500,2.5,132,2,4
500,2.5,133,1,7
500,2.5,134,3,6
500,2.5,135,3,5
500,2.5,136,3,7
500,2.5,137,4,3
500,2.5,138,3,2
500,2.5,139,2,3
500,2.5,140,3,4
500,2.5,141,4,5
500,2.5,142,5,9
500,2.5,143,2,1
500,2.5,144,3,5
500,2.5,145,2,1
500,2.5,146,2,5
500,2.5,147,1,4
500,2.5,148,0,6
500,2.5,149,4,0
500,2.5,150,4,3
500,2.5,151,1,4
500,2.5,152,3,4
500,2.5,153,1,5
500,2.5,154,3,1
500,2.5,155,0,4
500,2.5,156,0,1
500,2.5,157,3,7
500,2.5,158,1,6
500,2.5,159,2,6
500,2.5,160,2,7
500,2.5,161,2,4
500,2.5,162,3,7
500,2.5,163,1,3
500,2.5,164,1,9
500,2.5,165,4,11
500,2.5,166,3,4
500,2.5,167,4,2
500,2.5,168,4,2
500,2.5,169,0,2
500,2.5,170,3,6
500,2.5,171,3,6
500,2.5,172,3,11
500,2.5,173,1,7
500,2.5,174,3,5
500,2.5,175,1,7
500,2.5,176,3,4
500,2.5,177,2,3
500,2.5,178,3,5
500,2.5,179,2,6
500,2.5,180,2,2
500,2.5,181,1,6
500,2.5,182,2,9
500,2.5,183,3,6
500,2.5,184,4,6
500,2.5,185,0,7
500,2.5,186,3,2
500,2.5,187,1,5
500,2.5,188,3,2
500,2.5,189,2,8
500,2.5,190,2,6
500,2.5,191,2,1
500,2.5,192,1,3
500,2.5,193,3,3
500,2.5,194,2,10
500,2.5,195,3,6
500,2.5,196,0,5
500,2.5,197,0,6
500,2.5,198,3,3
500,2.5,199,3,7
500,2.5,200,1,5
500,2.5,201,2,6
500,2.5,202,1,5
500,2.5,203,4,5
500,2.5,204,4,6
500,2.5,205,6,10
500,2.5,206,1,8
500,2.5,207,6,5
500,2.5,208,0,5
500,2.5,209,4,9
500,2.5,210,6,1
500,2.5,211,1,4
500,2.5,212,1,4
500,2.5,213,4,5
500,2.5,214,3,4
500,2.5,215,3,8
500,2.5,216,1,8
500,2.5,217,0,4
500,2.5,218,4,3
500,2.5,219,3,7
500,2.5,220,4,6
500,2.5,221,1,6
500,2.5,222,6,2
500,2.5,223,5,7
500,2.5,224,6,5
500,2.5,225,0,2
500,2.5,226,3,7
500,2.5,227,1,6
500,2.5,228,2,1
500,2.5,229,4,10
500,2.5,230,2,7
500,2.5,231,2,2
500,2.5,232,5,2
500,2.5,233,0,1
500,2.5,234,3,3
500,2.5,235,1,4
500,2.5,236,3,2
500,2.5,237,3,2
500,2.5,238,6,5
500,2.5,239,2,4
500,2.5,240,0,10
500,2.5,241,3,4
500,2.5,242,4,6
500,2.5,243,1,6
500,2.5,244,0,0
500,2.5,245,2,5
500,2.5,246,1,2
500,2.5,247,3,11
500,2.5,248,2,6
500,2.5,249,1,3
500,2.5,250,2,6
500,2.5,251,1,4
500,2.5,252,2,0
500,2.5,253,0,7
500,2.5,254,3,6
500,2.5,255,2,3
500,2.5,256,2,6
500,2.5,257,1,6
500,2.5,258,3,5
500,2.5,259,3,3
500,2.5,260,0,3
500,2.5,261,3,2
500,2.5,262,1,3
500,2.5,263,3,5
500,2.5,264,6,6
500,2.5,265,1,2
500,2.5,266,2,8
500,2.5,267,3,5
500,2.5,268,3,5
500,2.5,269,0,5
500,2.5,270,1,5
500,2.5,271,3,6
500,2.5,272,4,6
500,2.5,273,1,5
500,2.5,274,0,7
500,2.5,275,2,5
500,2.5,276,2,4
500,2.5,277,4,4
500,2.5,278,4,8
500,2.5,279,1,2
500,2.5,280,4,4
500,2.5,281,0,5
500,2.5,282,2,9
500,2.5,283,3,9
500,2.5,284,1,5
500,2.5,285,3,4
500,2.5,286,1,1
500,2.5,287,0,5
500,2.5,288,3,4
500,2.5,289,1,2
500,2.5,290,2,11
500,2.5,291,2,3
500,2.5,292,3,4
500,2.5,293,1,2
500,2.5,294,2,10
500,2.5,295,2,7
500,2.5,296,1,6
500,2.5,297,1,4
500,2.5,298,5,13
500,2.5,299,1,7
500,3.0,0,6,11
500,3.0,1,6,9
500,3.0,2,4,16
500,3.0,3,5,14
500,3.0,4,3,7
500,3.0,5,3,8
500,3.0,6,5,10
500,3.0,7,3,6
500,3.0,8,4,8
500,3.0,9,4,11
500,3.0,10,1,5
500,3.0,11,6,10
500,3.0,12,2,7
500,3.0,13,2,8
500,3.0,14,5,13
500,3.0,15,5,19
500,3.0,16,7,5
500,3.0,17,3,6
500,3.0,18,1,8
500,3.0,19,5,14
500,3.0,20,4,6
500,3.0,21,7,5
500,3.0,22,4,10
500,3.0,23,5,11
500,3.0,24,5,8
500,3.0,25,5,16
500,3.0,26,2,8
500,3.0,27,2,7
500,3.0,28,2,9
500,3.0,29,3,11
500,3.0,30,5,16
500,3.0,31,5,5
500,3.0,32,3,3
500,3.0,33,3,6
500,3.0,34,6,12
500,3.0,35,2,11
500,3.0,36,7,11
500,3.0,37,3,11
500,3.0,38,4,10
500,3.0,39,3,6
500,3.0,40,4,13
500,3.0,41,6,10
500,3.0,42,3,9
500,3.0,43,5,11
500,3.0,44,2,20
500,3.0,45,3,6
500,3.0,46,4,11
500,3.0,47,2,9
500,3.0,48,4,11
500,3.0,49,4,7
500,3.0,50,1,14
500,3.0,51,5,5
500,3.0,52,7,17
500,3.0,53,7,10
500,3.0,54,4,11
500,3.0,55,4,11
500,3.0,56,4,7
500,3.0,57,4,12
500,3.0,58,1,10
500,3.0,59,1,8
500,3.0,60,5,6
500,3.0,61,2,10
500,3.0,62,5,8
500,3.0,63,2,12
500,3.0,64,2,8
500,3.0,65,6,10
500,3.0,66,6,8
500,3.0,67,0,10
500,3.0,68,6,4
500,3.0,69,10,10
500,3.0,70,7,9
500,3.0,71,2,10
500,3.0,72,8,16
500,3.0,73,4,7
500,3.0,74,5,8
500,3.0,75,4,4
500,3.0,76,4,7
500,3.0,77,3,13
500,3.0,78,5,10
500,3.0,79,8,15
500,3.0,80,5,9
500,3.0,81,3,12
500,3.0,82,2,3
500,3.0,83,1,7
500,3.0,84,7,12
500,3.0,85,8,23
500,3.0,86,5,7
500,3.0,87,4,12
500,3.0,88,4,12
500,3.0,89,7,7
500,3.0,90,8,11
500,3.0,91,5,10
500,3.0,92,6,9
500,3.0,93,7,10
500,3.0,94,3,9
500,3.0,95,5,10
500,3.0,96,4,14
500,3.0,97,3,11
500,3.0,98,4,13
500,3.0,99,5,13
500,3.0,100,7,14
500,3.0,101,4,6
500,3.0,102,3,12
500,3.0,103,5,10
500,3.0,104,4,7
500,3.0,105,2,15
500,3.0,106,2,7
500,3.0,107,2,7
500,3.0,108,6,12
500,3.0,109,4,8
500,3.0,110,6,17
500,3.0,111,3,12
500,3.0,112,10,23
500,3.0,113,3,12
500,3.0,114,6,9
500,3.0,115,6,11
500,3.0,116,9,10
500,3.0,117,9,13
500,3.0,118,2,11
500,3.0,119,4,8
500,3.0,120,3,13
500,3.0,121,5,9
500,3.0,122,5,7
500,3.0,123,6,12
500,3.0,124,4,6
500,3.0,125,3,11
500,3.0,126,2,8
500,3.0,127,3,10
500,3.0,128,5,11
500,3.0,129,4,13
500,3.0,130,4,13
500,3.0,131,7,9
500,3.0,132,1,12
500,3.0,133,6,6
500,3.0,134,7,13
500,3.0,135,7,11
500,3.0,136,3,15
500,3.0,137,7,12
500,3.0,138,4,6
500,3.0,139,5,10
500,3.0,140,2,7
500,3.0,141,4,9
500,3.0,142,5,6
500,3.0,143,7,9
500,3.0,144,6,15
500,3.0,145,5,10
500,3.0,146,8,12
500,3.0,147,3,9
500,3.0,148,6,10
500,3.0,149,5,17
500,3.0,150,4,9
500,3.0,151,3,13
500,3.0,152,6,8
500,3.0,153,4,15
500,3.0,154,3,8
500,3.0,155,5,7
500,3.0,156,5,9
500,3.0,157,4,12
500,3.0,158,2,5
500,3.0,159,3,13
500,3.0,160,4,6
500,3.0,161,4,12
500,3.0,162,4,10
500,3.0,163,1,7
500,3.0,164,1,17
500,3.0,165,7,12
500,3.0,166,6,15
500,3.0,167,3,12
500,3.0,168,6,8
500,3.0,169,5,12
500,3.0,170,2,6
500,3.0,171,7,18
500,3.0,172,7,10
500,3.0,173,3,8
500,3.0,174,4,4
500,3.0,175,2,7
500,3.0,176,5,9
500,3.0,177,7,15
500,3.0,178,3,13
500,3.0,179,3,3
500,3.0,180,6,10
500,3.0,181,7,7
500,3.0,182,6,13
500,3.0,183,3,5
500,3.0,184,4,13
500,3.0,185,4,10
500,3.0,186,8,13
500,3.0,187,4,10
500,3.0,188,5,11
500,3.0,189,4,11
500,3.0,190,6,15
500,3.0,191,7,8
500,3.0,192,4,14
500,3.0,193,5,10
500,3.0,194,3,5
500,3.0,195,8,13
500,3.0,196,4,14
500,3.0,197,10,11
500,3.0,198,5,11
500,3.0,199,2,12
500,3.0,200,4,10
500,3.0,201,7,14
500,3.0,202,4,11
500,3.0,203,4,17
500,3.0,204,5,10
500,3.0,205,5,8
500,3.0,206,3,5
500,3.0,207,4,14
500,3.0,208,6,8
500,3.0,209,5,11
500,3.0,210,3,10
500,3.0,211,2,12
500,3.0,212,2,6
500,3.0,213,5,11
500,3.0,214,7,9
500,3.0,215,6,7
500,3.0,216,3,9
500,3.0,217,1,12
500,3.0,218,7,10
500,3.0,219,3,11
500,3.0,220,4,8
500,3.0,221,3,11
500,3.0,222,3,9
500,3.0,223,5,13
500,3.0,224,1,9
500,3.0,225,6,7
500,3.0,226,2,8
500,3.0,227,2,3
500,3.0,228,2,9
500,3.0,229,4,9
500,3.0,230,11,12
500,3.0,231,2,15
500,3.0,232,5,9
500,3.0,233,3,7
500,3.0,234,7,8
500,3.0,235,5,12
500,3.0,236,4,15
500,3.0,237,3,6
500,3.0,238,3,8
500,3.0,239,4,9
500,3.0,240,6,10
500,3.0,241,6,13
500,3.0,242,3,9
500,3.0,243,4,5
500,3.0,244,5,8
500,3.0,245,3,7
500,3.0,246,5,13
500,3.0,247,4,10
500,3.0,248,3,15
500,3.0,249,3,12
500,3.0,250,5,8
500,3.0,251,3,12
500,3.0,252,6,13
500,3.0,253,3,6
500,3.0,254,4,10
500,3.0,255,6,9
500,3.0,256,4,6
500,3.0,257,5,6
500,3.0,258,4,14
500,3.0,259,3,7
500,3.0,260,7,9
500,3.0,261,4,4
500,3.0,262,5,7
500,3.0,263,1,9
500,3.0,264,3,11
500,3.0,265,9,8
500,3.0,266,4,15
500,3.0,267,1,5
500,3.0,268,7,8
500,3.0,269,7,8
500,3.0,270,4,11
500,3.0,271,4,10
500,3.0,272,2,9
500,3.0,273,0,5
500,3.0,274,2,7
500,3.0,275,2,9
500,3.0,276,8,12
500,3.0,277,3,7
500,3.0,278,4,15
500,3.0,279,3,8
500,3.0,280,5,10
500,3.0,281,4,10
500,3.0,282,3,7
500,3.0,283,8,12
500,3.0,284,3,11
500,3.0,285,6,14
500,3.0,286,1,9
500,3.0,287,6,5
500,3.0,288,5,4
500,3.0,289,3,10
500,3.0,290,6,9
500,3.0,291,4,15
500,3.0,292,9,4
500,3.0,293,9,21
500,3.0,294,4,10
500,3.0,295,5,15
500,3.0,296,6,4
500,3.0,297,2,6
500,3.0,298,4,10
500,3.0,299,3,14
