n,c,k,mean_count,standard_error,exact_expectation,asymptotic_expectation
500,0.5,3,0.013333333333333334,0.006633137535414969,0.0207085,0.020833333333333332
500,0.5,4,0.006666666666666667,0.004706155586970108,0.007719093375000001,0.0078125
500,1.0,3,0.13,0.021098590039911217,0.165668,0.16666666666666666
500,1.0,4,0.15,0.022706994094881253,0.12350549400000002,0.125
500,1.5,3,0.5966666666666667,0.044320292966497796,0.5591295,0.5625
500,1.5,4,0.6366666666666667,0.044470960131951266,0.6252465633750001,0.6328125
500,2.0,3,1.4533333333333334,0.06562848263661662,1.325344,1.3333333333333333
500,2.0,4,2.0166666666666666,0.08989754273762904,1.9760879040000003,2.0
500,2.5,3,2.4233333333333333,0.0876572749101146,2.5885625000000005,2.6041666666666665
500,2.5,4,4.876666666666667,0.13744104509569693,4.824433359375,4.8828125
500,3.0,3,4.3933333333333335,0.11389460336788788,4.473036,4.5
500,3.0,4,10.013333333333334,0.19747420323649117,10.003945014000001,10.125
