n,c,mean_fraction,standard_error,theoretical_fraction,mean_isolated,theoretical_mean_isolated
250,0.4,0.02476,0.0005868851428126898,0.0,167.93,167.7948089276511
250,0.6,0.04178,0.0011362275587780085,0.0,136.44,137.4338414742644
250,0.8,0.07536000000000001,0.002979385117501925,0.0,111.7,112.5483955235517
250,0.9,0.10494000000000002,0.0034971319189146203,0.0,101.545,101.84413078335008
250,1.0,0.14642000000000002,0.005787937378330677,0.0,92.05,92.15423031281178
250,1.1,0.19649999999999998,0.006698799862511936,0.17613414363180963,84.63,83.38292099625035
250,1.2,0.29046,0.008640476326903448,0.31369833104121725,74.715,75.44343917892733
250,1.4,0.47912000000000005,0.008698184873897686,0.51101117883059,61.295,61.752963128222454
250,1.6,0.61962,0.005525462121695475,0.6419813173416997,51.655,50.53870785904674
250,1.8,0.7317599999999999,0.004243411920096621,0.7324299666367664,41.47,41.354270375011204
250,2.0,0.7912,0.0033326766522334124,0.7968121300200199,34.245,33.83345700893129
250,2.25,0.8527600000000001,0.002452588008553107,0.8534224223234379,26.405,26.319641866723263
250,2.5,0.8937000000000002,0.0019631658362202916,0.892644753609209,20.025,20.46932226317709
250,2.75,0.9206,0.0015462712484778805,0.9204365550987701,16.005,15.915365486305001
250,3.0,0.93946,0.0013782743562168673,0.9404797907073597,12.555,12.371410311412998
1000,0.4,0.008714999999999999,0.00016340865012193622,0.0,668.915,670.5346221224939
1000,0.6,0.01563,0.0003940072442769467,0.0,547.765,549.0422447114356
1000,0.8,0.03247,0.0010365654051703538,0.0,450.875,449.5447609536854
1000,0.9,0.05154000000000001,0.0018068523951583445,0.0,404.53,406.7710274692955
1000,1.0,0.097115,0.003583856724270726,0.0,368.195,368.06348825922294
1000,1.1,0.17072000000000004,0.0057539506201125384,0.17613414363180963,331.865,333.0359494277794
1000,1.2,0.290495,0.0065991433793870955,0.31369833104121725,300.91,301.3388632472084
1000,1.4,0.502775,0.0040525718461045445,0.51101117883059,246.645,246.70057252582941
1000,1.6,0.6373449999999999,0.0025306026205462575,0.6419813173416997,203.4,201.9611179293511
1000,1.8,0.7298699999999999,0.0019156760093670129,0.7324299666367664,166.19,165.32859102031213
1000,2.0,0.7974100000000002,0.0015745493093702045,0.7968121300200199,135.14,135.33519283234807
1000,2.25,0.85205,0.001113660043939504,0.8534224223234379,106.49,105.36945156430056
1000,2.5,0.892475,0.0010472250361703121,0.892644753609209,82.805,82.03354025060872
1000,2.75,0.9210300000000001,0.0007583673948210311,0.9204365550987701,63.285,63.86176787815921
1000,3.0,0.94101,0.0006847950212330141,0.9404797907073597,49.155,49.71221948160023
4000,0.4,0.0027900000000000004,4.595579042260979e-05,0.0,2678.195,2681.4947049705047
4000,0.6,0.0054712499999999996,0.00012082444878675471,0.0,2195.25,2195.4770721859595
4000,0.8,0.013097500000000002,0.000394217746822169,0.0,1795.925,1797.5315640918916
4000,0.9,0.025088749999999996,0.000863159109276578,0.0,1628.295,1626.4799198668647
4000,1.0,0.06114000000000001,0.0022728554694314866,0.0,1469.835,1471.7017312353714
4000,1.1,0.157825,0.004123390122887675,0.17613414363180963,1332.395,1331.64912960333
4000,1.2,0.30484,0.0032327528641085466,0.31369833104121725,1207.405,1204.9214403908034
4000,1.4,0.5109750000000001,0.0018244655719184119,0.51101117883059,984.7,986.4914359565548
4000,1.6,0.63924875,0.0013055754732181684,0.6419813173416997,807.16,807.650677137949
4000,1.8,0.7328874999999999,0.0008996365646706798,0.7324299666367664,660.925,661.2252939589827
4000,2.0,0.7958875000000001,0.0007907496562403435,0.7968121300200199,544.31,541.3411103794069
4000,2.25,0.8524600000000001,0.0006126837740916402,0.8534224223234379,425.47,421.5672223938143
4000,2.5,0.8935275000000001,0.0004840249160391788,0.892644753609209,325.775,328.2886526100103
4000,2.75,0.9204349999999999,0.00042528899426533045,0.9204365550987701,254.9,255.64547734121194
4000,3.0,0.9414100000000001,0.0003054315671489361,0.9404797907073597,196.965,199.07355084528464
