replicate,beta
0,0.6605702697529431
1,0.6725286606015719
2,0.6614408266495135
3,0.6477710062132847
4,0.668932112103609
5,0.6597615928299682
6,0.6670934760603715
7,0.6585036787938431
8,0.6866820070787524
9,0.6726656114861751
10,0.6881832723328428
11,0.6725748991207976
12,0.6740416983502319
13,0.6755687337102915
14,0.6672139603844909
15,0.6665890221662201
16,0.6938260916836121
17,0.6760876686818319
18,0.674476725007147
19,0.6836382557892273
20,0.67414253286045
21,0.6728503767445174
22,0.6711601539737673
23,0.67616998775933
24,0.6661652532203655
25,0.653186659628792
26,0.6506267480116156
27,0.6619522101980228
28,0.6632462471709943
29,0.6660219991074703
30,0.6787220220045588
31,0.6592956203501598
32,0.6668408483367754
33,0.6834693104447129
34,0.6718391825387282
35,0.675857947291061
36,0.6575497787126389
37,0.6634959773366492
38,0.6590287633474691
39,0.6516079901067202
40,0.6746623908336319
41,0.682956100526552
42,0.6697475267019776
43,0.6833246411010068
44,0.6680078365677518
45,0.695485332340532
46,0.6731459627807468
47,0.6858874318016515
48,0.6594602899242934
49,0.6711829816734602
50,0.657808104441033
51,0.6521803800664023
52,0.6797465351817292
53,0.6598119290295126
54,0.655473871248468
55,0.6866997121962446
56,0.6785964278115213
57,0.6926349266701521
58,0.6841522861637966
59,0.6729535577375478
60,0.6774708843262507
61,0.6615587489593716
62,0.6806102077084957
63,0.6954068666202828
64,0.6798913254553056
65,0.698112715029813
66,0.6737802955880561
67,0.6675914265947466
68,0.669653099533048
69,0.6981691081008408
70,0.682598206636838
71,0.6702306531664743
72,0.6633885218622673
73,0.6849490770322407
74,0.6883424612210652
75,0.6704246104936863
76,0.6950339283938796
77,0.6669755972220185
78,0.6600615401054031
79,0.682597502595416
80,0.6625684798304678
81,0.6581820188405049
82,0.6625195378638585
83,0.677984342138035
84,0.6713983070684604
85,0.6514556066063228
86,0.6735075217117877
87,0.6893188021368066
88,0.6858981321192796
89,0.6733297891571426
90,0.674415231959115
91,0.6790991567726927
92,0.6845773816531789
93,0.6656374956660702
94,0.6615215617418565
95,0.6635697655255488
96,0.6679531145956634
97,0.6447864643042177
98,0.6562172535406393
99,0.6794863183300086
100,0.6672794900682494
101,0.656823531386509
102,0.6687013174619545
103,0.6697627241660427
104,0.6736276961939336
105,0.6547284740551849
106,0.6733169397344257
107,0.6790424225501531
108,0.6616446746153518
109,0.679437290263491
110,0.6747836804102086
111,0.6735591866601076
112,0.67286828097109
113,0.6681976686178029
114,0.6616708859791547
115,0.6564039770947299
116,0.6792520671337063
117,0.6729862590494454
118,0.6656251570892674
119,0.6876998616051638
120,0.6748559418777786
121,0.6678329872562119
122,0.6744717355642682
123,0.6660228493370295
124,0.6579603787590552
125,0.6766957024428306
126,0.6739564838130292
127,0.6701645879453524
128,0.6621568734826007
129,0.6804383890856684
130,0.670911749683249
131,0.6659181204026946
132,0.6515759620918541
133,0.6625591757277174
134,0.6776612084298289
135,0.6652775286937663
136,0.6927124058787226
137,0.6698101648623573
138,0.6746443472872979
139,0.6969344703073814
140,0.6800738434605336
141,0.6691562287580222
142,0.6780917454311846
143,0.6733297548333904
144,0.6713389082059651
145,0.6679901469862924
146,0.6751258563125169
147,0.6649604411790031
148,0.6636691719378367
149,0.6726666361211657
150,0.6830178110270821
151,0.6644754769433988
152,0.6818158201896068
153,0.6693238571599854
154,0.6810730177016362
155,0.6693267461110691
156,0.6909125147264888
157,0.6820092134673583
158,0.6911035823901815
159,0.6753847671455389
160,0.6708331655690127
161,0.6832884567335122
162,0.6818812153338827
163,0.6691411371280731
164,0.6734133430402728
165,0.6610231087417371
166,0.6687516352556643
167,0.7017310637537602
168,0.6715533587492017
169,0.6765560417905453
170,0.6724537452310448
171,0.6763119708002093
172,0.6755368289068572
173,0.680355481744206
174,0.6385919339645518
175,0.674967085296774
176,0.6788281706754828
177,0.6710996256172705
178,0.6684796680867086
179,0.6641242355197274
180,0.6825045204209446
181,0.6855035020268258
182,0.6691246514835519
183,0.6756557186999885
184,0.6615117568615969
185,0.6733139646481555
186,0.6681789741069079
187,0.6807819809199364
188,0.6606309807676249
189,0.6823281302912139
190,0.6625631717443375
191,0.6673509130884664
192,0.6751976450135387
193,0.6723562291206182
194,0.6638238152886717
195,0.6558375756315443
196,0.6792945545752427
197,0.6842459241669301
198,0.6933125544555887
199,0.6697198447943981
200,0.667536586711604
201,0.6694586201211132
202,0.6790936744359616
203,0.6671393105933752
204,0.6553074838197169
205,0.6728038258392733
206,0.6966658968258292
207,0.672803112356207
208,0.6755376739728813
209,0.6619014348267022
210,0.6665637912633154
211,0.6785716404550497
212,0.6760305946988729
213,0.6822178954463841
214,0.6681716051757967
215,0.6721432422025536
216,0.6613943193550139
217,0.675830294592044
218,0.6660186028421574
219,0.663490510806124
220,0.6679873974513738
221,0.6775816052376485
222,0.6827421016433568
223,0.6697517399167576
224,0.6733057593934747
225,0.6385288227859418
226,0.6720210412893592
227,0.6749780110935688
228,0.6670305770547558
229,0.6764723316753241
230,0.6786573341723846
231,0.6727484226977255
232,0.6539972317506586
233,0.6637213017712057
234,0.6449115786925507
235,0.6767947919646605
236,0.6949161027834562
237,0.6618278247404962
238,0.6787678901690812
239,0.6679531388336825
240,0.6694031104305139
241,0.6426004862700488
242,0.6810340601769649
243,0.6804726400480868
244,0.6950029811037712
245,0.6724020479154927
246,0.6941511700126379
247,0.6644163972618252
248,0.6730108667450315
249,0.6868926286035606
250,0.6636426888147583
251,0.6737790131485956
252,0.6794571661829821
253,0.6740871394742252
254,0.6916138715453644
255,0.6480799039503192
256,0.6660491806757318
257,0.6740884182323517
258,0.6878528750263408
259,0.6802019907554638
260,0.6557322916914934
261,0.6659030933271968
262,0.6632969198902343
263,0.6620477330582601
264,0.6752713372307866
265,0.6695957246974684
266,0.6720049184534571
267,0.662697656532482
268,0.6657371123989057
269,0.6925934061407615
270,0.6633482896043705
271,0.6729494692109822
272,0.6441528495212984
273,0.6650445547393432
274,0.6619683588973618
275,0.688231659983676
276,0.656490506387472
277,0.676006777515924
278,0.6786963278095827
279,0.6880655967746325
280,0.6765173378486128
281,0.6681579716227153
282,0.6592363529273654
283,0.6649826976525527
284,0.6678254551382019
285,0.6762571580729552
286,0.6697368533852235
287,0.6702522835933605
288,0.6409629257655667
289,0.6747433152107694
290,0.6778519733288864
291,0.6762797950502726
292,0.6656133897645756
293,0.6797595669954755
294,0.678956593388335
295,0.6823558193824686
296,0.6687524206971776
297,0.6728688248999126
298,0.6785730080390452
299,0.6684286557184437
300,0.680592330630291
301,0.6845091425649821
302,0.6612548650860682
303,0.687548272852843
304,0.6540749020712585
305,0.6711322655510638
306,0.6681489193468818
307,0.6645222667607412
308,0.6815274638430391
309,0.6764826495392934
310,0.672368532273795
311,0.6923956779875905
312,0.6698661696320677
313,0.6683686980931703
314,0.667659308592009
315,0.6739220543930444
316,0.6775386229742433
317,0.667489836824335
318,0.659369034679978
319,0.6640028640433424
320,0.6658686741447613
321,0.6854679434464254
322,0.6541392423404526
323,0.6704166063970723
324,0.6865159432629924
325,0.6616536722154542
326,0.6732844606065345
327,0.6749874640718356
328,0.6724418632045119
329,0.6608577000503536
330,0.6576586805125565
331,0.6634160900075994
332,0.6712260216385761
333,0.6634328334816944
334,0.6641533580776192
335,0.6617368662707607
336,0.6545538411107114
337,0.6610574597755562
338,0.6805447160261806
339,0.6698419373212932
340,0.6551596570229267
341,0.670001817864493
342,0.6706239316154199
343,0.6475356460437377
344,0.6837371321105896
345,0.6705893712836413
346,0.6768908998852557
347,0.6648851665691774
348,0.6586449732468215
349,0.6659295222034657
350,0.6728541585277683
351,0.6266587918631266
352,0.6643793094200008
353,0.6664582405154027
354,0.6618689705056469
355,0.653484274754596
356,0.6875297790466257
357,0.6673400599460798
358,0.6733338372151724
359,0.683853353116123
360,0.6688088463314551
361,0.6621967827997162
362,0.6856221434749454
363,0.6534672730325447
364,0.6671255164759894
365,0.6879455266079475
366,0.6954739554091817
367,0.6624186112810967
368,0.6393609649720077
369,0.6736931390519715
370,0.6628289258759954
371,0.6621514817926836
372,0.6677280114791886
373,0.6599889852551687
374,0.6437628298429284
375,0.6464146329755306
376,0.6569010469904029
377,0.6761332552434474
378,0.6616468219537163
379,0.659311949764133
380,0.684553659385534
381,0.6733841472667301
382,0.6624127405204034
383,0.6833453261837341
384,0.6777097496269101
385,0.6998184179476946
386,0.6761432411283256
387,0.6768530280799655
388,0.6674444605717847
389,0.6695680740100941
390,0.6595593061846049
391,0.6528094541182036
392,0.667606200141254
393,0.6818639932234647
394,0.6799801726764357
395,0.6692370793141132
396,0.6512407178213356
397,0.6634890637752969
398,0.6541699049751102
399,0.670571066766182
400,0.6341542477861475
401,0.6676382308154368
402,0.6654735387356089
403,0.6690742217634105
404,0.6566719863568367
405,0.6750561204163584
406,0.6690709942021362
407,0.6700662954065797
408,0.6905115965654336
409,0.651416576547087
410,0.6718155524721122
411,0.6679710527972152
412,0.663893051876774
413,0.6859717115046624
414,0.6641005459768116
415,0.6486750952787801
416,0.6678899418574763
417,0.6698008169002345
418,0.6999241015829331
419,0.6823016016432096
420,0.6546463863098041
421,0.6834747786893481
422,0.6643117122393469
423,0.6759857744637837
424,0.672781002203038
425,0.6663130914733111
426,0.6644495665325517
427,0.6658936956229887
428,0.6600003433609628
429,0.6619962602561784
430,0.6763138737487052
431,0.6767558447107135
432,0.6588145359772035
433,0.6769623474786023
434,0.6769796659394456
435,0.6741517535476769
436,0.6808526510302251
437,0.6895099475104771
438,0.6878626752429736
439,0.6881703583069926
440,0.6857835513406515
441,0.6593057695572305
442,0.6573434621527523
443,0.6689383666376278
444,0.6671067323514922
445,0.6465898920791964
446,0.6783886075141802
447,0.6647904738920959
448,0.6558226481515086
449,0.6661730897141165
450,0.6733634612254802
451,0.6601405374695222
452,0.683435725045942
453,0.6903034327849665
454,0.6887673550735479
455,0.6649253428034798
456,0.6386724538851285
457,0.6911538779080082
458,0.6843778636051895
459,0.6807517724956212
460,0.6733477641545369
461,0.6962430470550808
462,0.6854949834290412
463,0.6480934260164277
464,0.6733112811924038
465,0.6801453639912176
466,0.6791375729128121
467,0.6673846210106724
468,0.6493874931532444
469,0.6633576925856803
470,0.6708046482913302
471,0.6675654489124576
472,0.6723587793319774
473,0.6674715976115178
474,0.6644992728881771
475,0.6603102142530124
476,0.6652204768945826
477,0.6697171765151791
478,0.6829361779867316
479,0.6601783554822094
480,0.7016425888555912
481,0.6842157904694074
482,0.6656563564612378
483,0.6674089739198414
484,0.6748171989281316
485,0.6650063795193397
486,0.6819109988648593
487,0.6676084714515269
488,0.6875726312170224
489,0.6661376681989368
490,0.661660642050798
491,0.6489695201837226
492,0.6854652671814753
493,0.665141439784321
494,0.6522854952218164
495,0.6769222473184737
496,0.6805840478769782
497,0.6666816112137604
498,0.6681695875409152
499,0.6963906057949123
500,0.6897885709942702
501,0.6667492608035744
502,0.6637520114705048
503,0.6595598384204074
504,0.691494047377746
505,0.6760799126658334
506,0.670817656423519
507,0.6753371296460787
508,0.6626511921201141
509,0.6997156519155301
510,0.6837457141587929
511,0.6776475052279057
512,0.6691894558906253
513,0.6685402630255124
514,0.6614635989190083
515,0.688052052738425
516,0.6845653087568482
517,0.6650520096354903
518,0.6675008395212687
519,0.6674259674839217
520,0.6732892760316035
521,0.6883269970159732
522,0.6702692744213098
523,0.6605014577670285
524,0.6834740470210988
525,0.7089311549885952
526,0.6592830789513521
527,0.6452039180251599
528,0.6515756249839105
529,0.6799209806954556
530,0.6839349271111803
531,0.6590763511290721
532,0.6589237345038943
533,0.6656987804495756
534,0.6576680563921109
535,0.6714947040867152
536,0.6648882583084866
537,0.660504563350159
538,0.6631078146231416
539,0.684025631693927
540,0.6700479910735999
541,0.6807989892348331
542,0.6844616822080735
543,0.670792485005147
544,0.6844138154964743
545,0.6556876279379972
546,0.6704250715102613
547,0.651357981128435
548,0.6529316618061136
549,0.6713752735730469
550,0.6751160580175803
551,0.6769838806354579
552,0.6725276088150561
553,0.6631804028833327
554,0.6409114903588102
555,0.6614629554996694
556,0.6603209925676728
557,0.6599743241105286
558,0.6667408488902755
559,0.6760358330865344
560,0.6745615870138838
561,0.6621280028454949
562,0.65867823296014
563,0.6773688918215279
564,0.6743288174669653
565,0.6761796728168763
566,0.6850209077435934
567,0.6719952880062785
568,0.654504759058255
569,0.6804878378594095
570,0.6687406517523119
571,0.6767171366159694
572,0.6691609782523165
573,0.6755853789925197
574,0.6726531339082041
575,0.6759524026651303
576,0.6805424077319944
577,0.6670874960952373
578,0.6838061637571924
579,0.6779256985861934
580,0.6653870338028467
581,0.6783047142097477
582,0.6670089957773726
583,0.6589677775806139
584,0.6797887175811282
585,0.6473718850224541
586,0.6571372800040969
587,0.6531541179999306
588,0.6595872195913892
589,0.6543657411905304
590,0.6587744207322112
591,0.6816935357764892
592,0.6728888582420577
593,0.6560346255914765
594,0.6636108657267002
595,0.6899814668395059
596,0.6706666427515432
597,0.660328785628954
598,0.6509236630360571
599,0.6740285731846769
600,0.6589165638288846
601,0.6647900799033335
602,0.6595477974970254
603,0.6602299756549221
604,0.6724088290443239
605,0.6597254714376439
606,0.6498691572890631
607,0.6569132574976653
608,0.6744898525845822
609,0.6804230413462997
610,0.6613994441077626
611,0.6345145270785426
612,0.6837966652897051
613,0.674358451932147
614,0.6659926039892342
615,0.6765060696780308
616,0.6788814484359522
617,0.6821807722592933
618,0.6590208374187492
619,0.6761836564768284
620,0.652798768476432
621,0.6956975046685243
622,0.6775521073247651
623,0.6707056186652806
624,0.6721711504628917
625,0.6716533078230803
626,0.6588722429903169
627,0.6687801468499873
628,0.6724626183627211
629,0.6728313121766274
630,0.6738627496793956
631,0.6631339939707454
632,0.6658241711843996
633,0.6748173897326372
634,0.6811110836832058
635,0.6686334968284258
636,0.6550840106932765
637,0.6892469679077181
638,0.6747910804738575
639,0.6783708388549731
640,0.6697971094308182
641,0.6736780873650408
642,0.6810169856180424
643,0.686032894125822
644,0.6550316600120188
645,0.6741857207195477
646,0.6894245633404145
647,0.6722533399205418
648,0.6698188005478785
649,0.7060581870860813
650,0.6642464965293615
651,0.6697536413296297
652,0.6763692151570684
653,0.6815539121472773
654,0.6495147635262724
655,0.6707683300523064
656,0.6866184575250222
657,0.6606985528508456
658,0.6759584620679493
659,0.6546583435171127
660,0.6848633976253963
661,0.6763676435835992
662,0.6587662427869805
663,0.6861075825956017
664,0.6712221667603302
665,0.6945981064371675
666,0.6945201095926501
667,0.6828577255053716
668,0.6770864029717125
669,0.6792810416431502
670,0.6589416870733603
671,0.6608495613602052
672,0.6897386424400689
673,0.6580264944429279
674,0.6705410484452133
675,0.6757463975542499
676,0.6708528172778312
677,0.6563756479416832
678,0.6790862626234737
679,0.6504846671307706
680,0.6941575958814133
681,0.6766284272788808
682,0.674930939189464
683,0.6519538325640719
684,0.6813633135993235
685,0.6991914079436822
686,0.6841169382304337
687,0.6581244769540645
688,0.6735662543785311
689,0.6697886337235475
690,0.657432898418849
691,0.6904235331915459
692,0.6579533648090501
693,0.6855535442295713
694,0.6817644935349537
695,0.6855984884677656
696,0.6593460978196489
697,0.6640947736680339
698,0.6467425161602255
699,0.6632905549223668
700,0.6788599433166083
701,0.6477051620595053
702,0.6745712821179497
703,0.6638424893325484
704,0.6941650730007088
705,0.6636501221529769
706,0.6686892731950519
707,0.6930665572515815
708,0.6756716891451924
709,0.6952217283575787
710,0.6607718785977013
711,0.6369887657744162
712,0.6723865526054236
713,0.6770640753227702
714,0.6770109058245961
715,0.6693323145270127
716,0.6457726872609766
717,0.6971826798476173
718,0.6679441360560232
719,0.6669485721873404
720,0.6776103123647461
721,0.6759588257724977
722,0.6713320922728966
723,0.6702586459249303
724,0.6662381228556365
725,0.661890854790484
726,0.6772976129040321
727,0.6676493905275358
728,0.665728324916861
729,0.6738537007120763
730,0.6591499206308987
731,0.6585231852900019
732,0.6643679100620732
733,0.657690911458249
734,0.6781919955856404
735,0.6662318243556934
736,0.6811704894344275
737,0.6555955402665721
738,0.6870125417424156
739,0.6496321677441899
740,0.6769127099772696
741,0.6825511520544164
742,0.658365419417067
743,0.6628667093424616
744,0.6757260293713854
745,0.6576378421186417
746,0.6556426726268382
747,0.6644797977189477
748,0.6578979745107132
749,0.6593960315724331
750,0.6851017627746392
751,0.6829392996113213
752,0.663842783278031
753,0.6579218347614393
754,0.6927346270712983
755,0.6742009321381639
756,0.6659818560394178
757,0.6473952887175393
758,0.6527649700702658
759,0.6780260107376894
760,0.6598394714880769
761,0.6685117195185706
762,0.6629604157648287
763,0.6472029401590706
764,0.6780153629589253
765,0.6640080062728269
766,0.6711819367795935
767,0.6634102174954019
768,0.6796235855481348
769,0.6865854022597984
770,0.667903178226552
771,0.6694122341895996
772,0.6918473087084248
773,0.6603946138344838
774,0.6582528357998816
775,0.6622483454147887
776,0.6762793606933428
777,0.673214497587643
778,0.6787006776856833
779,0.6738498401518893
780,0.6656538642442341
781,0.6412250033070187
782,0.6525028966445662
783,0.6643222150409734
784,0.6766402782289993
785,0.6801411911313492
786,0.6664164204531436
787,0.672456686440577
788,0.6631972593268705
789,0.6721702586742617
790,0.6709066903112977
791,0.6886242874899785
792,0.6619791590438246
793,0.6755750920855097
794,0.6668357108423145
795,0.6715311785922751
796,0.6748088959865993
797,0.6734445221691431
798,0.6503259817547666
799,0.6673555344746339
800,0.6871499257532215
801,0.6637827408339575
802,0.6537913197739372
803,0.647368336415625
804,0.6820655659154307
805,0.645374616311764
806,0.6779170970804775
807,0.6777666475206271
808,0.6829522403874003
809,0.6810684866458789
810,0.6743507501455023
811,0.6768702253383312
812,0.696498009151594
813,0.6313645979135225
814,0.6596341776275656
815,0.6649238056266482
816,0.670853795946039
817,0.6829190803977857
818,0.6736346416607774
819,0.6714344809813914
820,0.6679824235802563
821,0.6550771490968867
822,0.6711902865308693
823,0.6826039575245867
824,0.6665607302063442
825,0.6670473245325457
826,0.6704058809457911
827,0.6734641501907089
828,0.6978765959920494
829,0.662492724456063
830,0.6792135994871061
831,0.6456430978187858
832,0.6838988227733221
833,0.6675962467701116
834,0.6665978210790178
835,0.6701713873649846
836,0.6635382234218402
837,0.6799863798640693
838,0.6686629300285077
839,0.6657042334266521
840,0.6649308546724054
841,0.6609982438250561
842,0.6549795535934053
843,0.6708538633816052
844,0.6687539542637735
845,0.664775237660101
846,0.6715390752873558
847,0.6729922464934269
848,0.681228798483586
849,0.6804062202806765
850,0.6587414261179205
851,0.6587343314531277
852,0.6549489567211844
853,0.6702980362443169
854,0.6554248668954603
855,0.6823744915834243
856,0.683075072958637
857,0.6885630536525601
858,0.6877038190247485
859,0.6509826847501654
860,0.6550899902735958
861,0.6472714590659694
862,0.6704257515493026
863,0.6782906292281073
864,0.6699715530255062
865,0.6724448431475175
866,0.6874622952908386
867,0.6789589803623269
868,0.657745407726471
869,0.6571201579269766
870,0.6825449059642187
871,0.6889766289574516
872,0.6844474586204624
873,0.6524729160974874
874,0.6869977867957846
875,0.6499511321562967
876,0.6815439568089061
877,0.6778820826253262
878,0.6473502817974702
879,0.6558965285192075
880,0.6629348242345172
881,0.6712097959563442
882,0.6583322765193634
883,0.6579203992278082
884,0.6757078930970123
885,0.652402986577709
886,0.6490209589209215
887,0.6667504594351218
888,0.686743958147646
889,0.6807403216390018
890,0.6479981448817996
891,0.6621190511544462
892,0.6730413836897872
893,0.6930629804753585
894,0.689621248602103
895,0.6806818579495356
896,0.6775974597598763
897,0.6619046525613612
898,0.6802678357671303
899,0.6672206788888723
900,0.6801955383494356
901,0.6645170459235692
902,0.6808963894322746
903,0.6824163082647842
904,0.6456227342769323
905,0.647249243959587
906,0.6678134540911331
907,0.6532357197116807
908,0.6396755861366011
909,0.6862922851664072
910,0.6535347720135266
911,0.6870055066753677
912,0.6948607949918317
913,0.6814627764852531
914,0.6438213255331929
915,0.679579758777686
916,0.6638576673577053
917,0.6601988423379007
918,0.672149508072427
919,0.665033878575369
920,0.6706881298359105
921,0.659858553578757
922,0.6679745063298297
923,0.6900137995302711
924,0.6579425074878823
925,0.6615600957305463
926,0.6812198944518255
927,0.6557122050880578
928,0.6807847212414657
929,0.6502284950119036
930,0.6887318019982346
931,0.6425654092174218
932,0.6627493127250416
933,0.6718404107170016
934,0.6810982593376536
935,0.6701417997799369
936,0.680530173040782
937,0.686381557389555
938,0.6763918705990658
939,0.6645658637269336
940,0.6571393494063046
941,0.6838356366426616
942,0.6589512438536501
943,0.6794282461240914
944,0.6605592993526378
945,0.6680343348819423
946,0.689183829021182
947,0.6713787751226294
948,0.6677814243237575
949,0.6644143810179653
950,0.6718393247617361
951,0.6695923160619405
952,0.6724846229179342
953,0.6689064910445882
954,0.694881216915775
955,0.6511526419134377
956,0.6959897759155654
957,0.6518963687986802
958,0.6522773548393231
959,0.6758898357977878
960,0.6776295583247705
961,0.6807515308972883
962,0.6862811224679749
963,0.6596336569549726
964,0.6870613194385514
965,0.6687270548886765
966,0.6607593204287957
967,0.6713143767294334
968,0.6678558002252772
969,0.6592533924048697
970,0.6784210138471582
971,0.6741518733398155
972,0.659759833140515
973,0.6798072406274146
974,0.6665722329962241
975,0.6590576821711769
976,0.6696683049192323
977,0.6759510792196525
978,0.6644153878216879
979,0.6794673858482556
980,0.6611382862301997
981,0.6653394924099152
982,0.6653417796801347
983,0.6493514660201906
984,0.6779986758811581
985,0.657925189616138
986,0.669951873647357
987,0.6856187669576919
988,0.6519336170085138
989,0.66525403437387
990,0.6760254887480768
991,0.6709128604291018
992,0.6877210051492589
993,0.6931449105491171
994,0.7064356944292631
995,0.6875155680597178
996,0.6814526289331944
997,0.6725352052970681
998,0.6723211083559265
999,0.666589546272466
1000,0.6806821762177208
1001,0.6909301137256876
1002,0.6634544644716955
1003,0.6750111485981075
1004,0.6642635152590768
1005,0.663969246109659
1006,0.6800228535235889
1007,0.6598216830484768
1008,0.6624474861920795
1009,0.6548694400994837
1010,0.6994470707378367
1011,0.6632085673430194
1012,0.6706579061626158
1013,0.6571275584535203
1014,0.6828935968593229
1015,0.672845549622672
1016,0.6815387573788042
1017,0.6849525008545737
1018,0.662639283142617
1019,0.6851186228437998
1020,0.6754615139926439
1021,0.6765869970344214
1022,0.6685635938399751
1023,0.6643063003068126
1024,0.6598547259760235
1025,0.6562644729703195
1026,0.6600600462314545
1027,0.6755302119390298
1028,0.6654337592700599
1029,0.6656171136194342
1030,0.6690681659903841
1031,0.6799957032752362
1032,0.6790979984954129
1033,0.6676910230315654
1034,0.6675832806846974
1035,0.6812974427983051
1036,0.6621682142447484
1037,0.6823323074064322
1038,0.6644567413081984
1039,0.6726431987085724
1040,0.6609796287082977
1041,0.6842016344419243
1042,0.6816074578085796
1043,0.6899680568472779
1044,0.6655378573154442
1045,0.668145569267061
1046,0.6629583522090272
1047,0.6726713545826758
1048,0.6639274758807447
1049,0.6968932433465778
1050,0.6883695315745209
1051,0.6490075865773967
1052,0.6671254837616555
1053,0.6774434390705588
1054,0.680591069156693
1055,0.6452542459329057
1056,0.668918902282944
1057,0.6803861994505784
1058,0.6583377495002543
1059,0.6692733616693446
1060,0.6879090996701775
1061,0.6471429264742679
1062,0.6668125490281249
1063,0.6878667373712749
1064,0.6951108012233002
1065,0.6670578931895479
1066,0.6860292660704463
1067,0.6615358640693362
1068,0.6582028957240462
1069,0.685242817329625
1070,0.6537552303180361
1071,0.6748267901625438
1072,0.6744510961980525
1073,0.6529859017180366
1074,0.6571715323682288
1075,0.6758830288656847
1076,0.6617064684048894
1077,0.6786516436584843
1078,0.6472945076304983
1079,0.6776870633982186
1080,0.6874071288044918
1081,0.663302426902837
1082,0.6617971337024666
1083,0.6812324398331528
1084,0.643202863438826
1085,0.6607393789724245
1086,0.6534053664974879
1087,0.6769672979373672
1088,0.655255110389766
1089,0.6530189325162423
1090,0.6827555560800576
1091,0.6818449925470829
1092,0.6687327062571129
1093,0.6750488421281559
1094,0.6688283852842141
1095,0.6714858278316389
1096,0.6693766332433903
1097,0.6780263099102491
1098,0.6958202655652784
1099,0.6604887140188619
1100,0.6606900020718802
1101,0.6655394335806617
1102,0.6522351080322562
1103,0.6901378024385783
1104,0.6691638189720434
1105,0.6541039649261388
1106,0.6576353258329997
1107,0.6734950976180814
1108,0.6705345376116518
1109,0.6704938595082466
1110,0.691765758379305
1111,0.6677156546378364
1112,0.6808057953304018
1113,0.6601283186508788
1114,0.6765265726014569
1115,0.7041420037934141
1116,0.6724595245568551
1117,0.662582759193978
1118,0.6829918168371094
1119,0.6271686237716175
1120,0.6776833883404262
1121,0.6742255230229631
1122,0.6564278624530859
1123,0.6688010139646842
1124,0.6751872687241481
1125,0.6462753184579012
1126,0.6717063873456302
1127,0.683416746942251
1128,0.6997452992238715
1129,0.6698037891995211
1130,0.6919863048764079
1131,0.6700300820455711
1132,0.6768107178290582
1133,0.6923329088040442
1134,0.6547071162169908
1135,0.662098233148444
1136,0.667446472416007
1137,0.6531717503582946
1138,0.6773019233324219
1139,0.6695696634688652
1140,0.6595422887119877
1141,0.6643767622888759
1142,0.6718689156897392
1143,0.6602973211065286
1144,0.6754166326182471
1145,0.6765790375818229
1146,0.6739167874487144
1147,0.674412500982611
1148,0.6750853972398666
1149,0.6807721212188763
1150,0.6644544445884785
1151,0.6667861697837432
1152,0.6595899106463262
1153,0.6746764495584227
1154,0.672711807378292
1155,0.6719738222285889
1156,0.671742116583101
1157,0.6920430366642356
1158,0.6528377294227721
1159,0.6684322197873115
1160,0.6429243882271847
1161,0.6796788742069731
1162,0.6757614368940594
1163,0.6690556368752468
1164,0.6501990526101624
1165,0.6578516096090503
1166,0.6622047795256384
1167,0.6542231598208115
1168,0.6627675389690684
1169,0.6579341224826138
1170,0.6803693115982616
1171,0.6768690011064669
1172,0.6628458141857669
1173,0.6823237319137033
1174,0.6707905343744515
1175,0.6629746477013916
1176,0.6673419948617896
1177,0.6908901473993945
1178,0.6849514508493284
1179,0.684209265878054
1180,0.6821541720720224
1181,0.6914694033784662
1182,0.6608226066073043
1183,0.673125603309049
1184,0.67398869027631
1185,0.6757544285804433
1186,0.6448930180189252
1187,0.6727623582636043
1188,0.6741963578138978
1189,0.6689938507240524
1190,0.6689822235603352
1191,0.6771941893412863
1192,0.6751351627578948
1193,0.6801902074833315
1194,0.6729400150928116
1195,0.6641758949607737
1196,0.6593309578545147
1197,0.670193857041868
1198,0.6725550302763929
1199,0.6593608653010504
1200,0.6795665621064333
1201,0.6635512002623956
1202,0.6704072580833493
1203,0.6540496680333496
1204,0.6693400104354114
1205,0.657373734432984
1206,0.6620792353519829
1207,0.665332842352904
1208,0.664876295128631
1209,0.6747079452954438
1210,0.6907644037363332
1211,0.6820385887511731
1212,0.6598190375652498
1213,0.6747540058342261
1214,0.6603598145044098
1215,0.670914587784308
1216,0.6629227269570118
1217,0.6740839973583284
1218,0.685866165675616
1219,0.6639888823914997
1220,0.67227681797597
1221,0.6551011913694168
1222,0.6795328127769077
1223,0.6496293341505077
1224,0.675026148029874
1225,0.681410556903596
1226,0.6876550862150411
1227,0.6556078059216672
1228,0.6619482294753015
1229,0.6895835606873503
1230,0.6817640778128986
1231,0.6576309042826692
1232,0.6539212451802922
1233,0.6814809817499291
1234,0.6864768890773717
1235,0.6861503482325537
1236,0.6663498104841733
1237,0.6868440742986835
1238,0.6619609911532315
1239,0.6546854877088796
1240,0.6578890842396529
1241,0.682758900945537
1242,0.6685226385632926
1243,0.6779506959533306
1244,0.6786111219989782
1245,0.6626357195273351
1246,0.6735907819433458
1247,0.6590505329630746
1248,0.6884412806968581
1249,0.6716948489952153
1250,0.6602853763132055
1251,0.6827875976479066
1252,0.6739848289595035
1253,0.6693622828207331
1254,0.6813449821055738
1255,0.6593324973069034
1256,0.6745116351458859
1257,0.6513772777831311
1258,0.663251987148194
1259,0.6412615791055816
1260,0.6781919783720953
1261,0.6740553559495381
1262,0.6650485391162041
1263,0.6597077926255902
1264,0.6695216590471147
1265,0.6665542397949924
1266,0.6576171148573566
1267,0.6772359585461171
1268,0.6880181242566222
1269,0.675981018359508
1270,0.6636926223670752
1271,0.6884782360146592
1272,0.6470943400982075
1273,0.6649864376523928
1274,0.6671221152271121
1275,0.6782988801414785
1276,0.6859899362208358
1277,0.6849455550539123
1278,0.6491803735400081
1279,0.6673922569920667
1280,0.6620301066844065
1281,0.6310625725547683
1282,0.6587357908198948
1283,0.6725747709311343
1284,0.6688805120380352
1285,0.6606713044676938
1286,0.6575180019782981
1287,0.6763529195875153
1288,0.6748872455966596
1289,0.6589499040822676
1290,0.667985086525536
1291,0.6698098310542016
1292,0.6473430701682819
1293,0.6680793526215549
1294,0.6725598400030854
1295,0.6851876726252171
1296,0.6602136184113373
1297,0.6886297977819866
1298,0.6705353329294805
1299,0.6719392971647427
1300,0.690265802158151
1301,0.6477032244604634
1302,0.6750222980977806
1303,0.6694406291110844
1304,0.6514316648941847
1305,0.6731794301438162
1306,0.6711624573566435
1307,0.6766619580268304
1308,0.6806788365064237
1309,0.6742967105940211
1310,0.6420902052295432
1311,0.6546745584798505
1312,0.6600469028985513
1313,0.6777648757964793
1314,0.6731867970746824
1315,0.6696550001461051
1316,0.6556427692380217
1317,0.6845275875598701
1318,0.6828133156527474
1319,0.6467452634110707
1320,0.6678814300498189
1321,0.6774243065986564
1322,0.6838136915592502
1323,0.6555955386633141
1324,0.671056094001174
1325,0.6517460294910452
1326,0.6736503291930623
1327,0.6613457624900585
1328,0.6652083322088254
1329,0.6632637034301987
1330,0.6362682745588526
1331,0.6634767813494327
1332,0.695433500263736
1333,0.6615661577216879
1334,0.6684066550475438
1335,0.661845895790756
1336,0.6958887071643404
1337,0.6845465512424225
1338,0.6563308778521232
1339,0.6601413639728972
1340,0.6554993516486805
1341,0.6685144922722054
1342,0.6805244513907226
1343,0.6623317311656819
1344,0.6637407488604019
1345,0.6571040423821661
1346,0.6838537230804786
1347,0.672530903023104
1348,0.6815567950653353
1349,0.6882322838063262
1350,0.6882531855265754
1351,0.6882381393947464
1352,0.6890344714565625
1353,0.6864191244437846
1354,0.6810426528908837
1355,0.6830843534219629
1356,0.67237536175275
1357,0.6781035536002391
1358,0.6685704501740685
1359,0.6930277931145183
1360,0.6775556861675612
1361,0.6587421054278219
1362,0.6617891598325525
1363,0.6611783416695715
1364,0.6454972342705873
1365,0.6723465056987541
1366,0.6658170537506811
1367,0.669270087497814
1368,0.6797416839600314
1369,0.649962612997407
1370,0.66319113898526
1371,0.690673396266756
1372,0.6748957599888307
1373,0.6695495197080106
1374,0.6673083307422671
1375,0.6696986363069602
1376,0.6396541032786549
1377,0.6671160412810545
1378,0.6932641298463875
1379,0.6465129129223827
1380,0.6849374754152158
1381,0.6564136071223217
1382,0.6461240634443892
1383,0.6576707085796388
1384,0.6807067256660284
1385,0.7033767874825128
1386,0.6825866258990565
1387,0.6672748046032096
1388,0.6717785465412958
1389,0.6727519635961008
1390,0.6839909380430516
1391,0.6712591019591315
1392,0.6468395903992947
1393,0.6690066470550229
1394,0.6747812022803087
1395,0.6558901842305935
1396,0.6753387669226064
1397,0.6606295523166986
1398,0.6632205253511935
1399,0.6841735587361693
1400,0.6731741955043146
1401,0.6778070316163618
1402,0.6694468915695779
1403,0.6759037982608241
1404,0.6843193689594341
1405,0.6746927401973305
1406,0.6921978304974096
1407,0.6526190488904002
1408,0.6803901462406947
1409,0.6754432996239066
1410,0.6584720529086088
1411,0.6661975326616262
1412,0.6782979609223528
1413,0.6582330740798821
1414,0.6760670969303917
1415,0.6752959914586839
1416,0.6713027511752919
1417,0.7034916630066711
1418,0.6566909580547279
1419,0.6951676038799114
1420,0.6605252056498035
1421,0.6671625032816396
1422,0.6972317948002377
1423,0.6622021504776283
1424,0.6559396405085945
1425,0.694955569063844
1426,0.6758839842220292
1427,0.6499048693760068
1428,0.6673839461226223
1429,0.6575909956341864
1430,0.6806879424143165
1431,0.6583429768066398
1432,0.6503478691716716
1433,0.6615997653413701
1434,0.6527037725704071
1435,0.6775361165274523
1436,0.6840054087544611
1437,0.6601815864775331
1438,0.6459808926582936
1439,0.6727474005242582
1440,0.67862781830507
1441,0.6700361952759166
1442,0.6645132268915687
1443,0.6784495783510539
1444,0.66997524625961
1445,0.6805677089864359
1446,0.6616478830947088
1447,0.6759889626258844
1448,0.6817739968194679
1449,0.6718838132824981
1450,0.6948524441943476
1451,0.6701991299815847
1452,0.6841513309029621
1453,0.6430250606923676
1454,0.6618742413387216
1455,0.6524106885519156
1456,0.664251485650436
1457,0.665460145241333
1458,0.6840312030992644
1459,0.6797536356250417
1460,0.673694494106064
1461,0.6698045292470385
1462,0.7001896580972394
1463,0.6542542340807489
1464,0.6685898625324533
1465,0.6633398932911126
1466,0.6768849113571171
1467,0.6610623446299249
1468,0.668470778329187
1469,0.6904305103025661
1470,0.6845979891938678
1471,0.677263297917441
1472,0.6618652748932844
1473,0.6699345246276709
1474,0.6554757700172419
1475,0.6630510375659361
1476,0.6579424589785209
1477,0.6622934113314525
1478,0.6786753174168587
1479,0.7027824945656113
1480,0.6722354194507302
1481,0.6577982570042309
1482,0.6785327558277866
1483,0.6738041656429848
1484,0.6729304395960614
1485,0.676943009545828
1486,0.6789313354875773
1487,0.6567786131901721
1488,0.6779054925764291
1489,0.671515246959323
1490,0.6854305648932764
1491,0.6735791516376662
1492,0.6529802540463454
1493,0.6687921547711416
1494,0.6962249531498339
1495,0.676669943288059
1496,0.6433486382903082
1497,0.6587022736078011
1498,0.6636444772183354
1499,0.6730949861745404
1500,0.6680870286751168
1501,0.6594666177818947
1502,0.6845779748413988
1503,0.6705585318223424
1504,0.680099810820664
1505,0.6804400978119569
1506,0.6637264609158774
1507,0.6608385358017445
1508,0.6884567355065795
1509,0.6723606498062911
1510,0.6503284766970038
1511,0.6687498851366359
1512,0.6651269161724275
1513,0.6656686583456907
1514,0.675860013852179
1515,0.6939884193846908
1516,0.7075293966437658
1517,0.6786319674415691
1518,0.6955469049383504
1519,0.6811488722027649
1520,0.6911495470050089
1521,0.6782375183285608
1522,0.6780082603398058
1523,0.6639022046832033
1524,0.6540133965703824
1525,0.6661794147531822
1526,0.6725172409066366
1527,0.6657667646352744
1528,0.6643828449985593
1529,0.6761230502616785
1530,0.6836436157618113
1531,0.6615855781577172
1532,0.6892022987209505
1533,0.6716844730031071
1534,0.6623309710240195
1535,0.6781935621423533
1536,0.6774102702390683
1537,0.6766715258861609
1538,0.6781010856610187
1539,0.6649888009843257
1540,0.6716167364433474
1541,0.666838532384375
1542,0.6807223416266495
1543,0.6768543385457799
1544,0.6657914197799764
1545,0.6776398736309394
1546,0.6713647388759567
1547,0.667623049713879
1548,0.6707772696679088
1549,0.6744664604097211
1550,0.6727192206135728
1551,0.6588244933961539
1552,0.6687154633619972
1553,0.6703427032846174
1554,0.6689091330510941
1555,0.6740934876102445
1556,0.6616686864477465
1557,0.6884776709818788
1558,0.6712865237153398
1559,0.6613601839083968
1560,0.6743051256647822
1561,0.6701039041382628
1562,0.663839154594845
1563,0.6747704114496268
1564,0.6784479438751916
1565,0.6814393025813522
1566,0.6635402755244586
1567,0.6867840525784029
1568,0.662730653093684
1569,0.6605382977160742
1570,0.6605881388507155
1571,0.6765548610934579
1572,0.6596653554664533
1573,0.67298064819567
1574,0.6684942482071748
1575,0.6739375457054537
1576,0.6618613100744678
1577,0.6773083269760368
1578,0.666118857629648
1579,0.6518388047853715
1580,0.6480558250150659
1581,0.6828473389248189
1582,0.6961199939133654
1583,0.6787077254217412
1584,0.6714244386019093
1585,0.6777183381072768
1586,0.6626912241776071
1587,0.6502830340318323
1588,0.6714154414901236
1589,0.6857199127028104
1590,0.6928005686460477
1591,0.6587358954076524
1592,0.66376508097092
1593,0.6796908180059009
1594,0.6621347058537579
1595,0.6616789124822481
1596,0.6655943069353828
1597,0.7022986177647453
1598,0.6586452664981818
1599,0.6700596329308921
1600,0.6771471369192763
1601,0.6946306745168391
1602,0.6758519500530257
1603,0.6576937300500237
1604,0.6903824606707487
1605,0.6917067596439279
1606,0.6573331778684693
1607,0.652798531791741
1608,0.678463192342679
1609,0.6652039630152514
1610,0.6641130169878073
1611,0.6860702361740426
1612,0.6671782428657868
1613,0.6740168198998431
1614,0.6616918460904861
1615,0.6548008242712676
1616,0.657035886655421
1617,0.6614990726589358
1618,0.6913599911159168
1619,0.6745718782166953
1620,0.6774411440633215
1621,0.6640658823975079
1622,0.6682094084852819
1623,0.6746969022187495
1624,0.6694488285470162
1625,0.6765587012789287
1626,0.6765519827100861
1627,0.6792122030155159
1628,0.6843315684829631
1629,0.690778483355458
1630,0.679646512328798
1631,0.6579653027300488
1632,0.693114509980645
1633,0.6839552705566618
1634,0.6819893520525849
1635,0.6663129335356082
1636,0.6628197322165463
1637,0.6611472822650643
1638,0.6749616537206093
1639,0.675449899928252
1640,0.6746300111446918
1641,0.6779341830715302
1642,0.6761060274012541
1643,0.6474794483934327
1644,0.6781659675983872
1645,0.6605724209707007
1646,0.6711886301493483
1647,0.6636865591534307
1648,0.6759521909294495
1649,0.6785945530960351
1650,0.6668351496603352
1651,0.6513891488661987
1652,0.6482451702077887
1653,0.6580916136494603
1654,0.6510621087643184
1655,0.6830191433343772
1656,0.672483531211066
1657,0.6810457465568014
1658,0.6605324401681326
1659,0.6803256457722318
1660,0.6788558466830709
1661,0.6942158261804648
1662,0.6817413568484235
1663,0.6819079076117259
1664,0.6551661561125467
1665,0.6588271688573601
1666,0.6741843338893263
1667,0.6660290522311606
1668,0.6581095821511977
1669,0.6795591432873463
1670,0.6536463627451923
1671,0.6683234858490869
1672,0.6413537718778554
1673,0.6688972938318689
1674,0.6614846090751848
1675,0.6685491082008361
1676,0.6681514116529115
1677,0.683468778123834
1678,0.6617524676403059
1679,0.7130383888446382
1680,0.694142291808518
1681,0.6507009321505159
1682,0.6739451227796918
1683,0.6691990878824164
1684,0.6889259077552562
1685,0.6645403118526161
1686,0.6773757158772366
1687,0.6576286228032227
1688,0.6434428309284219
1689,0.6572952103804239
1690,0.6879662687926325
1691,0.6797432864654451
1692,0.6733430598176894
1693,0.6801222598458406
1694,0.6815278313486561
1695,0.6504968737683453
1696,0.6638821523578237
1697,0.6739307631351944
1698,0.6648172396935678
1699,0.6827005535447864
1700,0.6749074333546912
1701,0.6720175487267176
1702,0.6500717228043883
1703,0.6891120660237159
1704,0.6674464491560904
1705,0.6798162784263571
1706,0.6792302259357755
1707,0.6509844363149543
1708,0.6860962743008014
1709,0.6909243543926523
1710,0.6658489463572639
1711,0.6605916740571613
1712,0.6858734441701366
1713,0.6713425326494574
1714,0.6760277661744832
1715,0.6654253324817366
1716,0.6781967973818244
1717,0.6804961973534008
1718,0.6727922287443469
1719,0.6443859859123745
1720,0.6705050443345094
1721,0.6898002241570004
1722,0.6658315238997944
1723,0.6733215796359087
1724,0.6537017856887278
1725,0.6844565847936886
1726,0.6566206865097239
1727,0.6541277086796725
1728,0.642219279736412
1729,0.6543421587367396
1730,0.6651143167600156
1731,0.6717375874323771
1732,0.6725006389176895
1733,0.671403389124862
1734,0.6797037167225221
1735,0.6537212860850404
1736,0.6824379215379366
1737,0.6577189163028061
1738,0.6682613841861827
1739,0.6763376333265141
1740,0.6798039344469733
1741,0.6629745935163079
1742,0.6815838230066464
1743,0.6956621470128398
1744,0.6664175311599968
1745,0.676112779228777
1746,0.6874869580343057
1747,0.6785549190442626
1748,0.6517680656824434
1749,0.6608092144805902
1750,0.6718455118896901
1751,0.6610956530269394
1752,0.6866121627103358
1753,0.6591491525082106
1754,0.6856261038757535
1755,0.6709001174325113
1756,0.671333840446824
1757,0.673777512236992
1758,0.6733428229366459
1759,0.6869971654304746
1760,0.6677493515374422
1761,0.6920518220770283
1762,0.6737318142299973
1763,0.6948797830407308
1764,0.6686032181566187
1765,0.6502195205022937
1766,0.6755379812425678
1767,0.6584268213726007
1768,0.6621777630364867
1769,0.6752830171868761
1770,0.6427142803833392
1771,0.664132599851247
1772,0.6656441264991984
1773,0.6760890825845496
1774,0.6744783371715383
1775,0.6922552304711483
1776,0.6562942706476906
1777,0.6567941558070632
1778,0.6601882454419967
1779,0.6839471393005077
1780,0.6761897464068564
1781,0.6770198829672276
1782,0.6548241318546741
1783,0.6738517326452242
1784,0.6628309841047908
1785,0.686201505645793
1786,0.6660309351030486
1787,0.6587324977267207
1788,0.6710374343939206
1789,0.6589774781581873
1790,0.6629970488166455
1791,0.672335846699678
1792,0.6639659338157399
1793,0.6759296965487619
1794,0.6680819041756095
1795,0.7038731355195559
1796,0.6684263638891437
1797,0.6705770545663017
1798,0.6899771538087128
1799,0.6754602419136851
1800,0.6857350913266083
1801,0.6738977952966757
1802,0.6696892639684653
1803,0.6701978195659508
1804,0.6718720571767759
1805,0.6712791028470667
1806,0.6924599331685677
1807,0.6487264436379169
1808,0.6745989022569093
1809,0.6820991963370601
1810,0.6625712072403311
1811,0.6840720786805438
1812,0.6552551397944255
1813,0.6729698630788845
1814,0.6690599799636824
1815,0.6466610733363296
1816,0.6872319611761677
1817,0.6829139637215194
1818,0.6690559645466048
1819,0.66329043153584
1820,0.6474464124877592
1821,0.6783242413268475
1822,0.660263108522621
1823,0.6841202422892398
1824,0.685017980921253
1825,0.6634085576674217
1826,0.6696708132793922
1827,0.6915872585556393
1828,0.6673744440815276
1829,0.6801744283533858
1830,0.6451910389684191
1831,0.6772265881435905
1832,0.6467821465565575
1833,0.6631660377704403
1834,0.659510235060636
1835,0.6754835452437349
1836,0.6616221544284755
1837,0.6763982172837808
1838,0.653530755528869
1839,0.6767961687173459
1840,0.6843858634215445
1841,0.6883975929902062
1842,0.6745430443948401
1843,0.6599404351381488
1844,0.6755556055121407
1845,0.6568054184910931
1846,0.6678684640366928
1847,0.6597836996544995
1848,0.6615117696739529
1849,0.671605479128762
1850,0.6797842991524917
1851,0.6814221545284541
1852,0.6755747971410411
1853,0.6504049247748718
1854,0.6631243892247857
1855,0.6731457547019026
1856,0.6794560310536584
1857,0.6635507905006451
1858,0.6622618073080737
1859,0.67554764118985
1860,0.6732277161250154
1861,0.6573277021747462
1862,0.6793261059344184
1863,0.6767597271227223
1864,0.6710411358986154
1865,0.6540390389935047
1866,0.6788655012789333
1867,0.6706620496082316
1868,0.6794317954743536
1869,0.680058940012064
1870,0.6565573360197771
1871,0.7017940410455802
1872,0.6741062360195957
1873,0.6689916583121194
1874,0.6774627187925831
1875,0.6793144225093279
1876,0.673217073099147
1877,0.6812999599800251
1878,0.6703627035482607
1879,0.6741694820061211
1880,0.6726118206470053
1881,0.6626843856174461
1882,0.6574422914787353
1883,0.6601630335953406
1884,0.6594299981915388
1885,0.6626863156203696
1886,0.6721502511348484
1887,0.6461294034621267
1888,0.6841756360127007
1889,0.671689499541734
1890,0.673225123019671
1891,0.6998613126233215
1892,0.6878716381248604
1893,0.6658785965726324
1894,0.67750296867858
1895,0.684360182163844
1896,0.6766742266099955
1897,0.6718463647842808
1898,0.6656332348287267
1899,0.6472245050294271
1900,0.6924781057751204
1901,0.6676226813384943
1902,0.6653333572699505
1903,0.6665939938673282
1904,0.6747356472568553
1905,0.6639948228487808
1906,0.6607534242521665
1907,0.6713553629437546
1908,0.6655422391268166
1909,0.6723895910989283
1910,0.6944937978797115
1911,0.6732847998440272
1912,0.6605895899128458
1913,0.6531296253858169
1914,0.6551216940675542
1915,0.6800015767211643
1916,0.675761288002238
1917,0.6796019729029095
1918,0.6903553784384363
1919,0.6793057458113595
1920,0.6872373862977028
1921,0.6654531405128009
1922,0.6551071565297145
1923,0.6593452230839038
1924,0.6607825278269528
1925,0.667481446510135
1926,0.6792974217889292
1927,0.6549821571333533
1928,0.678132683201092
1929,0.6498081257722056
1930,0.6688542836516259
1931,0.6752270855176039
1932,0.6865698715282593
1933,0.6469845064960339
1934,0.6999493912406699
1935,0.6674267918073389
1936,0.6846571449606716
1937,0.6438050344612142
1938,0.6624103224837714
1939,0.6480311983317464
1940,0.6527841495113563
1941,0.6609071120290868
1942,0.6541148415050329
1943,0.6750412263877679
1944,0.6495450170809683
1945,0.6643793069779567
1946,0.6562730552515225
1947,0.6684757868703981
1948,0.6753763062175826
1949,0.6467971809144342
1950,0.6697211050702454
1951,0.6725904820277185
1952,0.6688049723689561
1953,0.684089461248909
1954,0.6658588087320906
1955,0.6613561212381023
1956,0.6668096685780529
1957,0.6727357170791932
1958,0.6942966522729395
1959,0.6563829419601572
1960,0.6684795528894155
1961,0.6954901831204986
1962,0.6884385589371216
1963,0.6651189891928991
1964,0.6726623989064932
1965,0.66493239766304
1966,0.6705926689745583
1967,0.6841606349676821
1968,0.678113266914834
1969,0.6799053198466685
1970,0.6686600927924294
1971,0.6759747167658452
1972,0.6369188445399867
1973,0.6921420360151774
1974,0.6621531471953546
1975,0.6871899560249338
1976,0.639792690778935
1977,0.6665354416839008
1978,0.6697267832202628
1979,0.654112938029684
1980,0.6689038410209863
1981,0.6764692630869508
1982,0.6751005681602856
1983,0.653271815716065
1984,0.6522154313247328
1985,0.6776197930778226
1986,0.6682222696564813
1987,0.6690312657780416
1988,0.6618207974258776
1989,0.7068677074791069
1990,0.6674247485148809
1991,0.6939207577645792
1992,0.6786835499389519
1993,0.6831853808552832
1994,0.6731585504209949
1995,0.6943056015435486
1996,0.6850338257100471
1997,0.6565512574396458
1998,0.645866390930339
1999,0.6706222682396297
